start,end,duration
1621849161556,1621849161686,130
1621849162225,1621849162235,10
1621849162535,1621849162585,50
1621849162675,1621849162765,90
1621849163015,1621849163055,40
1621849163375,1621849163565,190
1621849163994,1621849164074,80
1621849164194,1621849164304,110
1621849165154,1621849165204,50
1621849165394,1621849165404,10
1621849165503,1621849165533,30
1621849165703,1621849165803,100
1621849166073,1621849166103,30
1621849166463,1621849166553,90
1621849166753,1621849166763,10
1621849167332,1621849167382,50
1621849167692,1621849167702,10
1621849168062,1621849168072,10
1621849168592,1621849168722,130
1621849169261,1621849169351,90
1621849169471,1621849169541,70
1621849170321,1621849170331,10
1621849170431,1621849170470,39
1621849170560,1621849170570,10
1621849170670,1621849170700,30
1621849171360,1621849171580,220
1621849172649,1621849172699,50
1621849172859,1621849172909,50
1621849173199,1621849173269,70
1621849174148,1621849174208,60
1621849174758,1621849174768,10
1621849175677,1621849175757,80
1621849176927,1621849176996,69
1621849177426,1621849177766,340
1621849178036,1621849178216,180
1621849178326,1621849178476,150
1621849179185,1621849179215,30
1621849179375,1621849179485,110
1621849179575,1621849179585,10
1621849179905,1621849179985,80
1621849180245,1621849180255,10
1621849180484,1621849180834,350
1621849182113,1621849182233,120
1621849182693,1621849182703,10
1621849182823,1621849182833,10
1621849182923,1621849182933,10
1621849183033,1621849183083,50
1621849183872,1621849184032,160
1621849184302,1621849184312,10
1621849184862,1621849184872,10
1621849185271,1621849185281,10
1621849185391,1621849185401,10
1621849185821,1621849185831,10
1621849186781,1621849187060,279
1621849187400,1621849187700,300
1621849188360,1621849188370,10
1621849188589,1621849188599,10
1621849188709,1621849188719,10
1621849188899,1621849189139,240
1621849189589,1621849189599,10
1621849189919,1621849189969,50
1621849190298,1621849190498,200
1621849190628,1621849190638,10
1621849191278,1621849191348,70
1621849191478,1621849191488,10
1621849191727,1621849191737,10
1621849192307,1621849192317,10
1621849192717,1621849192767,50
1621849192977,1621849193167,190
1621849193416,1621849193446,30
1621849193686,1621849193696,10
1621849194656,1621849194666,10
1621849194746,1621849194796,50
1621849194876,1621849194936,60
1621849195775,1621849195785,10
1621849196145,1621849196265,120
1621849196455,1621849196465,10
1621849197424,1621849197434,10
1621849197694,1621849197704,10
1621849198294,1621849198343,49
1621849198703,1621849198733,30
1621849199323,1621849199403,80
1621849200412,1621849200542,130
1621849200652,1621849200682,30
1621849200802,1621849200812,10
1621849201921,1621849202041,120
1621849202241,1621849202251,10
1621849202341,1621849202351,10
1621849202561,1621849202651,90
1621849203111,1621849203280,169
1621849203780,1621849203830,50
1621849204060,1621849204140,80
1621849204340,1621849204370,30
1621849204460,1621849204540,80
1621849205049,1621849205119,70
1621849205769,1621849205779,10
1621849205999,1621849206059,60
1621849206319,1621849206349,30
1621849206449,1621849206481,32
1621849206998,1621849207028,30
1621849207718,1621849207748,30
1621849208237,1621849208287,50
1621849208697,1621849208757,60
1621849208917,1621849209157,240
1621849209237,1621849209287,50
1621849209966,1621849210016,50
1621849210776,1621849210786,10
1621849210876,1621849210946,70
1621849211505,1621849211515,10
1621849211895,1621849211955,60
1621849212185,1621849212465,280
1621849212635,1621849212645,10
1621849212785,1621849212795,10
1621849213134,1621849213214,80
1621849213804,1621849213874,70
1621849214264,1621849214344,80
1621849215413,1621849215653,240
1621849216492,1621849216772,280
1621849217312,1621849217352,40
1621849217482,1621849217961,479
1621849218231,1621849218261,30
1621849218361,1621849218441,80
1621849218521,1621849218531,10
1621849219720,1621849219950,230
1621849220460,1621849220470,10
1621849220610,1621849220620,10
1621849221269,1621849221419,150
1621849221539,1621849221549,10
1621849221689,1621849221699,10
1621849222369,1621849222529,160
1621849222659,1621849222799,140
1621849223088,1621849223098,10
1621849223198,1621849223248,50
1621849224238,1621849224318,80
1621849224887,1621849224897,10
1621849225537,1621849225567,30
1621849225837,1621849225847,10
1621849226186,1621849226246,60
1621849226356,1621849226406,50
1621849227476,1621849227546,70
1621849227676,1621849227765,89
1621849228735,1621849228815,80
1621849228895,1621849228935,40
1621849229375,1621849229385,10
1621849229474,1621849229484,10
1621849229754,1621849229894,140
1621849230054,1621849230284,230
1621849230554,1621849230564,10
1621849230654,1621849230704,50
1621849230934,1621849230984,50
1621849231453,1621849231543,90
1621849231743,1621849231803,60
1621849233242,1621849233252,10
1621849234042,1621849234102,60
1621849234341,1621849234551,210
1621849234691,1621849234771,80
1621849235891,1621849235931,40
1621849237030,1621849237090,60
1621849237390,1621849237540,150
1621849237669,1621849237779,110
1621849237999,1621849238179,180
1621849238359,1621849238369,10
1621849239238,1621849239248,10
1621849239338,1621849239348,10
1621849239608,1621849239618,10
1621849239808,1621849239888,80
1621849240268,1621849240298,30
1621849240798,1621849240828,30
1621849242107,1621849242167,60
1621849242786,1621849242816,30
1621849243906,1621849243936,30
1621849244205,1621849244215,10
1621849244325,1621849244405,80
1621849244655,1621849244665,10
1621849245225,1621849245485,260
1621849246704,1621849246734,30
1621849247463,1621849247543,80
1621849247793,1621849247809,16
1621849249003,1621849249042,39
1621849250741,1621849250891,150
1621849251321,1621849251331,10
1621849251571,1621849251901,330
1621849252440,1621849252450,10
1621849252740,1621849252750,10
1621849254239,1621849254629,390
1621849254759,1621849254879,120
1621849255009,1621849255019,10
1621849255139,1621849255149,10
1621849255309,1621849255319,10
1621849256248,1621849256278,30
1621849256458,1621849256538,80
1621849257267,1621849257297,30
1621849257487,1621849257727,240
1621849258976,1621849258986,10
1621849259076,1621849259186,110
1621849259796,1621849259876,80
1621849260266,1621849260296,30
1621849260705,1621849260835,130
1621849261785,1621849261795,10
1621849262035,1621849262085,50
1621849262734,1621849262744,10
1621849263124,1621849263194,70
1621849263284,1621849263364,80
1621849263853,1621849264003,150
1621849264173,1621849264333,160
1621849264523,1621849264683,160
1621849264783,1621849264833,50
1621849264943,1621849264983,40
1621849265213,1621849265253,40
1621849265902,1621849265912,10
1621849266232,1621849266292,60
1621849266472,1621849266482,10
1621849266992,1621849267002,10
1621849267451,1621849267501,50
1621849267731,1621849267761,30
1621849268311,1621849268391,80
1621849269490,1621849269540,50
1621849269770,1621849269780,10
1621849270639,1621849270709,70
1621849270839,1621849270849,10
1621849270969,1621849271002,33
1621849271139,1621849271149,10
1621849271709,1621849271719,10
1621849272258,1621849272268,10
1621849272418,1621849272698,280
1621849272888,1621849272898,10
1621849274607,1621849274617,10
1621849275306,1621849275316,10
1621849275436,1621849275516,80
1621849281253,1621849281263,10
1621849281353,1621849281483,130
1621849282472,1621849282482,10
1621849282772,1621849282942,170
1621849283152,1621849283162,10
1621849283302,1621849283312,10
1621849283621,1621849283711,90
1621849283981,1621849284001,20
1621849284271,1621849284601,330
1621849284691,1621849284701,10
1621849285090,1621849285100,10
1621849285200,1621849285240,40
1621849285390,1621849285400,10
1621849285520,1621849285590,70
1621849285690,1621849285810,120
1621849286120,1621849286200,80
1621849287259,1621849287269,10
1621849287619,1621849287679,60
1621849288189,1621849288318,129
1621849288958,1621849288968,10
1621849289598,1621849289708,110
1621849290217,1621849290247,30
1621849290557,1621849290647,90
1621849290787,1621849290797,10
1621849290907,1621849290917,10
1621849291037,1621849291067,30
1621849291716,1621849291796,80
1621849303199,1621849303249,50
1621849303639,1621849303649,10
1621849303809,1621849303819,10
1621849304239,1621849304255,16
1621849304419,1621849304489,70
1621849305458,1621849305468,10
1621849305568,1621849305578,10
1621849305748,1621849305808,60
1621849306138,1621849306148,10
1621849308316,1621849308326,10
1621849308466,1621849308616,150
1621849308736,1621849308816,80
1621849309775,1621849309785,10
1621849310005,1621849310035,30
1621849311354,1621849311384,30
1621849311904,1621849311914,10
1621849312064,1621849312124,60
1621849313283,1621849313403,120
1621849314542,1621849314582,40
1621849315882,1621849315972,90
1621849316331,1621849316361,30
1621849318220,1621849318390,170
1621849318820,1621849318960,140
1621849319499,1621849319509,10
1621849319669,1621849319679,10
1621849320199,1621849320379,180
1621849320869,1621849320879,10
1621849320969,1621849321038,69
1621849322098,1621849322158,60
1621849322398,1621849322528,130
1621849322687,1621849322797,110
1621849322907,1621849322917,10
1621849323037,1621849323067,30
1621849323267,1621849323347,80
1621849323627,1621849323697,70
1621849324736,1621849324876,140
1621849325336,1621849325346,10
1621849325856,1621849325866,10
1621849326155,1621849326325,170
1621849326415,1621849326445,30
1621849326755,1621849326765,10
1621849327255,1621849327265,10
1621849327734,1621849327874,140
1621849327954,1621849327964,10
1621849328524,1621849328534,10
1621849328784,1621849328894,110
1621849329054,1621849329064,10
1621849329183,1621849329343,160
1621849329523,1621849329533,10
1621849329623,1621849329943,320
1621849330053,1621849330063,10
1621849331702,1621849331732,30
1621849332062,1621849332222,160
1621849332302,1621849332332,30
1621849332441,1621849332531,90
1621849332721,1621849332731,10
1621849333151,1621849333161,10
1621849333451,1621849333701,250
1621849333801,1621849333851,50
1621849334650,1621849334780,130
1621849335170,1621849335270,100
1621849335350,1621849335360,10
1621849335490,1621849335504,14
1621849335819,1621849335839,20
1621849336029,1621849336199,170
1621849336369,1621849336629,260
1621849337458,1621849337528,70
1621849338268,1621849338278,10
1621849338378,1621849338458,80
1621849338728,1621849338778,50
1621849339527,1621849339597,70
1621849340956,1621849341036,80
1621849341306,1621849341316,10
1621849342645,1621849342725,80
1621849343235,1621849343245,10
1621849343954,1621849344174,220
1621849344324,1621849344334,10
1621849344504,1621849344514,10
1621849345773,1621849345833,60
1621849346113,1621849346393,280
1621849347053,1621849347082,29
1621849347732,1621849347742,10
1621849348062,1621849348132,70
1621849348412,1621849348462,50
1621849349001,1621849349031,30
1621849349751,1621849349811,60
1621849350241,1621849350301,60
1621849350870,1621849350970,100
1621849351180,1621849351240,60
1621849351800,1621849351810,10
1621849352189,1621849352199,10
1621849352689,1621849352759,70
1621849352859,1621849352909,50
1621849353279,1621849353329,50
1621849353599,1621849353948,349
1621849354748,1621849354848,100
1621849355557,1621849355617,60
1621849356657,1621849356777,120
1621849357306,1621849357386,80
1621849357776,1621849357826,50
1621849358106,1621849358116,10
1621849358466,1621849358615,149
1621849359255,1621849359385,130
1621849359635,1621849359645,10
1621849359905,1621849359935,30
1621849360264,1621849360314,50
1621849360754,1621849360794,40
1621849360904,1621849360914,10
1621849361074,1621849361184,110
1621849361833,1621849361843,10
1621849362533,1621849362553,20
1621849362763,1621849362853,90
1621849363033,1621849363043,10
1621849363123,1621849363133,10
1621849363612,1621849363682,70
1621849363772,1621849363842,70
1621849363952,1621849363962,10
1621849364082,1621849364092,10
1621849364222,1621849364232,10
1621849364352,1621849364432,80
1621849364612,1621849364692,80
1621849364882,1621849364962,80
1621849366231,1621849366571,340
1621849367290,1621849367640,350
1621849368090,1621849368130,40
1621849368489,1621849368499,10
1621849368749,1621849368909,160
1621849369289,1621849369369,80
1621849369599,1621849369609,10
1621849369789,1621849369799,10
1621849369968,1621849370008,40
1621849370178,1621849370298,120
1621849370678,1621849370758,80
1621849371468,1621849371518,50
1621849372657,1621849372747,90
1621849372887,1621849372897,10
1621849373087,1621849373097,10
1621849373296,1621849373326,30
1621849373726,1621849373796,70
1621849374536,1621849374676,140
1621849375255,1621849375355,100
1621849376105,1621849376115,10
1621849376524,1621849376594,70
1621849377264,1621849377344,80
1621849377934,1621849378094,160
1621849378403,1621849378803,400
1621849378893,1621849378943,50
1621849379343,1621849379383,40
1621849380252,1621849380382,130
1621849381791,1621849381861,70
1621849382081,1621849382151,70
1621849382781,1621849382831,50
1621849382921,1621849382931,10
1621849383340,1621849383350,10
1621849383600,1621849383610,10
1621849384300,1621849384370,70
1621849384739,1621849384829,90
1621849384969,1621849384979,10
1621849385379,1621849385459,80
1621849386278,1621849386308,30
1621849386648,1621849386658,10
1621849386738,1621849386798,60
1621849386918,1621849386928,10
1621849387098,1621849387128,30
1621849387258,1621849387328,70
1621849387698,1621849387798,100
1621849388067,1621849388127,60
1621849388417,1621849388427,10
1621849388717,1621849388727,10
1621849388897,1621849388977,80
1621849389956,1621849390056,100
1621849391265,1621849391355,90
1621849392485,1621849392495,10
1621849392824,1621849392874,50
1621849393814,1621849393844,30
1621849394423,1621849394433,10
1621849394703,1621849394803,100
1621849396332,1621849396342,10
1621849396632,1621849396882,250
1621849397002,1621849397192,190
1621849397422,1621849397432,10
1621849399291,1621849399301,10
1621849399420,1621849399430,10
1621849399520,1621849399570,50
1621849399800,1621849399860,60
1621849400140,1621849400250,110
1621849400600,1621849400680,80
1621849400900,1621849400910,10
1621849401179,1621849401349,170
1621849401469,1621849401479,10
1621849402718,1621849402968,250
1621849403138,1621849403148,10
1621849403398,1621849403428,30
1621849403628,1621849403688,60
1621849404018,1621849404028,10
1621849404397,1621849404407,10
1621849404497,1621849404507,10
1621849405097,1621849405137,40
1621849405357,1621849405367,10
1621849405487,1621849405567,80
1621849405807,1621849406026,219
1621849406766,1621849406816,50
1621849406946,1621849406976,30
1621849407236,1621849407316,80
1621849407725,1621849407855,130
1621849407955,1621849407965,10
1621849408785,1621849408815,30
1621849408895,1621849408965,70
1621849409134,1621849409144,10
1621849409754,1621849409824,70
1621849410104,1621849410114,10
1621849410284,1621849410494,210
1621849410923,1621849411063,140
1621849411803,1621849411813,10
1621849412942,1621849412992,50
1621849413092,1621849413152,60
1621849413302,1621849413312,10
1621849413562,1621849413692,130
1621849414221,1621849414231,10
1621849414571,1621849414631,60
1621849414781,1621849414941,160
1621849415840,1621849415890,50
1621849416350,1621849416360,10
1621849416780,1621849416860,80
1621849417060,1621849417249,189
1621849417669,1621849417699,30
1621849417809,1621849417859,50
1621849418579,1621849418699,120
1621849419288,1621849419408,120
1621849419518,1621849419588,70
1621849420627,1621849420807,180
1621849421697,1621849421757,60
1621849422286,1621849422446,160
1621849422666,1621849422726,60
1621849422996,1621849423116,120
1621849424555,1621849424565,10
1621849424775,1621849424845,70
1621849425115,1621849425125,10
1621849425315,1621849425494,179
1621849425654,1621849425664,10
1621849427033,1621849427043,10
1621849427173,1621849427253,80
1621849427653,1621849427663,10
1621849428333,1621849428383,50
1621849428672,1621849428752,80
1621849429862,1621849429962,100
1621849430182,1621849430232,50
1621849432150,1621849432160,10
1621849432790,1621849432860,70
1621849432990,1621849433130,140
1621849433250,1621849433260,10
1621849433350,1621849433529,179
1621849433909,1621849434009,100
1621849434099,1621849434129,30
1621849434959,1621849435069,110
1621849435218,1621849435228,10
1621849435918,1621849435958,40
1621849436038,1621849436048,10
1621849436148,1621849436178,30
1621849437117,1621849437217,100
1621849437657,1621849437707,50
1621849437967,1621849438007,40
1621849438197,1621849438267,70
1621849438816,1621849438826,10
1621849438916,1621849439006,90
1621849439176,1621849439296,120
1621849439456,1621849439476,20
1621849439776,1621849439826,50
1621849440485,1621849440575,90
1621849440745,1621849440775,30
1621849441245,1621849441295,50
1621849441635,1621849441914,279
1621849442284,1621849442294,10
1621849442664,1621849442674,10
1621849443064,1621849443144,80
1621849443333,1621849443352,19
1621849443663,1621849443673,10
1621849444663,1621849444723,60
1621849444972,1621849444982,10
1621849446542,1621849446641,99
1621849446831,1621849446841,10
1621849447501,1621849447511,10
1621849448450,1621849448460,10
1621849449510,1621849449600,90
1621849450099,1621849450109,10
1621849450689,1621849450699,10
1621849450819,1621849450849,30
1621849451299,1621849451379,80
1621849452018,1621849452048,30
1621849452368,1621849452498,130
1621849452628,1621849452678,50
1621849453048,1621849453058,10
1621849453267,1621849453347,80
1621849454497,1621849454577,80
1621849455366,1621849455376,10
1621849455786,1621849455796,10
1621849456116,1621849456196,80
1621849456905,1621849456915,10
1621849457105,1621849457165,60
1621849457355,1621849457405,50
1621849457715,1621849457725,10
1621849458134,1621849458144,10
1621849458254,1621849458424,170
1621849458814,1621849458824,10
1621849459004,1621849459064,60
1621849459164,1621849459294,130
1621849459673,1621849459873,200
1621849460013,1621849460023,10
1621849460113,1621849460123,10
1621849460203,1621849460283,80
1621849461163,1621849461232,69
1621849462072,1621849462142,70
1621849462232,1621849462242,10
1621849467768,1621849467878,110
1621849467988,1621849467998,10
1621849469248,1621849469308,60
1621849469687,1621849469997,310
1621849470097,1621849470107,10
1621849470297,1621849470427,130
1621849470627,1621849470677,50
1621849470927,1621849470996,69
1621849471816,1621849471846,30
1621849472486,1621849472566,80
1621849473315,1621849473325,10
1621849473685,1621849473725,40
1621849473895,1621849473975,80
1621849474634,1621849474654,20
1621849475594,1621849475943,349
1621849476353,1621849476363,10
1621849476483,1621849476493,10
1621849478362,1621849478592,230
1621849478922,1621849478932,10
1621849479521,1621849479531,10
1621849479671,1621849479681,10
1621849479921,1621849479991,70
1621849480750,1621849480890,140
1621849481050,1621849481120,70
1621849481370,1621849481510,140
1621849482240,1621849482339,99
1621849482449,1621849482539,90
1621849482659,1621849482859,200
1621849483269,1621849483389,120
1621849483499,1621849483579,80
1621849483919,1621849483949,30
1621849484098,1621849484478,380
1621849484578,1621849484588,10
1621849484778,1621849484888,110
1621849485338,1621849485428,90
1621849486737,1621849486787,50
1621849487187,1621849487197,10
1621849487286,1621849487296,10
1621849487406,1621849487496,90
1621849487816,1621849487846,30
1621849488366,1621849488376,10
1621849488466,1621849488556,90
1621849489075,1621849489125,50
1621849490345,1621849490644,299
1621849490784,1621849491084,300
1621849491334,1621849491364,30
1621849492863,1621849492923,60
1621849493133,1621849493143,10
1621849493553,1621849493563,10
1621849494252,1621849494352,100
1621849494652,1621849494662,10
1621849494882,1621849494942,60
1621849495232,1621849495312,80
1621849496171,1621849496211,40
1621849496311,1621849496381,70
1621849496721,1621849496731,10
1621849496831,1621849496861,30
1621849497420,1621849497430,10
1621849497820,1621849497950,130
1621849498060,1621849498090,30
1621849498769,1621849498779,10
1621849498889,1621849498969,80
1621849499179,1621849499189,10
1621849499299,1621849499329,30
1621849499729,1621849499739,10
1621849500219,1621849500508,289
1621849500718,1621849500758,40
1621849500908,1621849500958,50
1621849501138,1621849501148,10
1621849501538,1621849501608,70
1621849501848,1621849501927,79
1621849502147,1621849502157,10
1621849502297,1621849502307,10
1621849502547,1621849502597,50
1621849502677,1621849502827,150
1621849503137,1621849503247,110
1621849503347,1621849503377,30
1621849503646,1621849503676,30
1621849503776,1621849503926,150
1621849504196,1621849504206,10
1621849504426,1621849504476,50
1621849504586,1621849504596,10
1621849504696,1621849504896,200
1621849505096,1621849505155,59
1621849505395,1621849505425,30
1621849505545,1621849505555,10
1621849505685,1621849505695,10
1621849506135,1621849506215,80
1621849507434,1621849507524,90
1621849507654,1621849507664,10
1621849507884,1621849507894,10
1621849508973,1621849509043,70
1621849509413,1621849509423,10
1621849510152,1621849510222,70
1621849510582,1621849510652,70
1621849510832,1621849510922,90
1621849511482,1621849511542,60
1621849511621,1621849511701,80
1621849512371,1621849512381,10
1621849512701,1621849512781,80
1621849513870,1621849513940,70
1621849514650,1621849514710,60
1621849515339,1621849515389,50
1621849515819,1621849515909,90
1621849516878,1621849516888,10
1621849517078,1621849517138,60
1621849517298,1621849517308,10
1621849517868,1621849517878,10
1621849518387,1621849518397,10
1621849518497,1621849518527,30
1621849518627,1621849518697,70
1621849519187,1621849519197,10
1621849519746,1621849519756,10
1621849519866,1621849519896,30
1621849520016,1621849520026,10
1621849520436,1621849520556,120
1621849521955,1621849522025,70
1621849522285,1621849522375,90
1621849522845,1621849522925,80
1621849523044,1621849523054,10
1621849523594,1621849523664,70
1621849523884,1621849523894,10
1621849524354,1621849524444,90
1621849525003,1621849525013,10
1621849525163,1621849525233,70
1621849526802,1621849526812,10
1621849526912,1621849526972,60
1621849527202,1621849527222,20
1621849527402,1621849527492,90
1621849527712,1621849527762,50
1621849528731,1621849528741,10
1621849528861,1621849528891,30
1621849529490,1621849529570,80
1621849530400,1621849530410,10
1621849530640,1621849530690,50
1621849531129,1621849531259,130
1621849531529,1621849531579,50
1621849531929,1621849531959,30
1621849532988,1621849533048,60
1621849533328,1621849533358,30
1621849534338,1621849534407,69
1621849536096,1621849536156,60
1621849536576,1621849536606,30
1621849537366,1621849537426,60
1621849537645,1621849537705,60
1621849537865,1621849537895,30
1621849537975,1621849538055,80
1621849538165,1621849538175,10
1621849538315,1621849538405,90
1621849538685,1621849538695,10
1621849538835,1621849538845,10
1621849538945,1621849538995,50
1621849539095,1621849539112,17
1621849539205,1621849539424,219
1621849539544,1621849539554,10
1621849539684,1621849539694,10
1621849540204,1621849540254,50
1621849540384,1621849540394,10
1621849540704,1621849540963,259
1621849542483,1621849542552,69
1621849542862,1621849542872,10
1621849544101,1621849544111,10
1621849545331,1621849545391,60
1621849545501,1621849545571,70
1621849545730,1621849545740,10
1621849546020,1621849546060,40
1621849546310,1621849546340,30
1621849546720,1621849546890,170
1621849547050,1621849547060,10
1621849547519,1621849547589,70
1621849548129,1621849548439,310
1621849548679,1621849548709,30
1621849549378,1621849549628,250
1621849549908,1621849549938,30
1621849550098,1621849550108,10
1621849550218,1621849550228,10
1621849550488,1621849550558,70
1621849551427,1621849551437,10
1621849551667,1621849551757,90
1621849551877,1621849551907,30
1621849552776,1621849552896,120
1621849553076,1621849553156,80
1621849553716,1621849553786,70
1621849554385,1621849554395,10
1621849554645,1621849554655,10
1621849554935,1621849554945,10
1621849556094,1621849556174,80
1621849556294,1621849556304,10
1621849556594,1621849556604,10
1621849556734,1621849556744,10
1621849557533,1621849557573,40
1621849557673,1621849557723,50
1621849558503,1621849558563,60
1621849559302,1621849559522,220
1621849559822,1621849559962,140
1621849560172,1621849560252,80
1621849560581,1621849560651,70
1621849560731,1621849560771,40
1621849561291,1621849561411,120
1621849561651,1621849561731,80
1621849561861,1621849561941,80
1621849563410,1621849563520,110
1621849563829,1621849563839,10
1621849563949,1621849563959,10
1621849564069,1621849564129,60
1621849564369,1621849564379,10
1621849564519,1621849564599,80
1621849564779,1621849564809,30
1621849564929,1621849564939,10
1621849565328,1621849565338,10
1621849565868,1621849565948,80
1621849566468,1621849566558,90
1621849566788,1621849566857,69
1621849567097,1621849567127,30
1621849567527,1621849567587,60
1621849567917,1621849567927,10
1621849568427,1621849568437,10
1621849568646,1621849568656,10
1621849570495,1621849570555,60
1621849571095,1621849571105,10
1621849571545,1621849571605,60
1621849572874,1621849572944,70
1621849573044,1621849573104,60
1621849573184,1621849573194,10
1621849574203,1621849574213,10
1621849574703,1621849574813,110
1621849575012,1621849575042,30
1621849575182,1621849575192,10
1621849575312,1621849575372,60
1621849575472,1621849575522,50
1621849575762,1621849575772,10
1621849576052,1621849576062,10
1621849576352,1621849576412,60
1621849576931,1621849576941,10
1621849577051,1621849577061,10
1621849577751,1621849577871,120
1621849578410,1621849578420,10
1621849579250,1621849579300,50
1621849579929,1621849579939,10
1621849580039,1621849580109,70
1621849580349,1621849580359,10
1621849580779,1621849580789,10
1621849581408,1621849581488,80
1621849581618,1621849581628,10
1621849581728,1621849581758,30
1621849582878,1621849582908,30
1621849583167,1621849583177,10
1621849583277,1621849583317,40
1621849583847,1621849583857,10
1621849584357,1621849584427,70
1621849584617,1621849584667,50
1621849584946,1621849584956,10
1621849586395,1621849586455,60
1621849586945,1621849586955,10
1621849587035,1621849587085,50
1621849587545,1621849587555,10
1621849587665,1621849587675,10
1621849588514,1621849588564,50
1621849588844,1621849588944,100
1621849589184,1621849589194,10
1621849589853,1621849589903,50
1621849590413,1621849590443,30
1621849590743,1621849590833,90
1621849591382,1621849591392,10
1621849592052,1621849592092,40
1621849592752,1621849592851,99
1621849593381,1621849593441,60
1621849593571,1621849593601,30
1621849595230,1621849595260,30
1621849595510,1621849595555,45
1621849597129,1621849597199,70
1621849597878,1621849597908,30
1621849598578,1621849598588,10
1621849598778,1621849598818,40
1621849599397,1621849599427,30
1621849600077,1621849600087,10
1621849600896,1621849600906,10
1621849601006,1621849601036,30
1621849601276,1621849601336,60
1621849602416,1621849602525,109
1621849602715,1621849602725,10
