start,end,duration
1621588449350,1621588449380,30
1621588449470,1621588449611,141
1621588449770,1621588449780,10
1621588450070,1621588450500,430
1621588450730,1621588450760,30
1621588451169,1621588451179,10
1621588451419,1621588451459,40
1621588451549,1621588451579,30
1621588451789,1621588451849,60
1621588451939,1621588452099,160
1621588452219,1621588452309,90
1621588452518,1621588452548,30
1621588452698,1621588453138,440
1621588453218,1621588453238,20
1621588453348,1621588453408,60
1621588453508,1621588453648,140
1621588453748,1621588454078,330
1621588454327,1621588454457,130
1621588454567,1621588454697,130
1621588456406,1621588456596,190
1621588456706,1621588456876,170
1621588457016,1621588457026,10
1621588457146,1621588457336,190
1621588457455,1621588457725,270
1621588457805,1621588457875,70
1621588457995,1621588458045,50
1621588458135,1621588458145,10
1621588458265,1621588458295,30
1621588458415,1621588458445,30
1621588458525,1621588458615,90
1621588459424,1621588459674,250
1621588459794,1621588459824,30
1621588459924,1621588459964,40
1621588460074,1621588460124,50
1621588460364,1621588460494,130
1621588460653,1621588460913,260
1621588462932,1621588462992,60
1621588463122,1621588463132,10
1621588463272,1621588463282,10
1621588463382,1621588463392,10
1621588463672,1621588463682,10
1621588463852,1621588464131,279
1621588464231,1621588464421,190
1621588464501,1621588464661,160
1621588464901,1621588464911,10
1621588465031,1621588465341,310
1621588465481,1621588465610,129
1621588465750,1621588465880,130
1621588465960,1621588466180,220
1621588466300,1621588466310,10
1621588466430,1621588466440,10
1621588466570,1621588466580,10
1621588466720,1621588466770,50
1621588466850,1621588466880,30
1621588467010,1621588467050,40
1621588467130,1621588467160,30
1621588467279,1621588467309,30
1621588467439,1621588467579,140
1621588467699,1621588467709,10
1621588467849,1621588467859,10
1621588467989,1621588468249,260
1621588468369,1621588468379,10
1621588468519,1621588468529,10
1621588468639,1621588468649,10
1621588468749,1621588468779,30
1621588468878,1621588468908,30
1621588469038,1621588469208,170
1621588469348,1621588469358,10
1621588469568,1621588469608,40
1621588469868,1621588469878,10
1621588469978,1621588470048,70
1621588470128,1621588470158,30
1621588470338,1621588470348,10
1621588470438,1621588470448,10
1621588470567,1621588470577,10
1621588470677,1621588470707,30
1621588470987,1621588471127,140
1621588471317,1621588471427,110
1621588471547,1621588471557,10
1621588471677,1621588471737,60
1621588471837,1621588471847,10
1621588471947,1621588471997,50
1621588472266,1621588472276,10
1621588472386,1621588472406,20
1621588472516,1621588472726,210
1621588472926,1621588473096,170
1621588473216,1621588473266,50
1621588473356,1621588473496,140
1621588473616,1621588473646,30
1621588473785,1621588473797,12
1621588473895,1621588474065,170
1621588474185,1621588474255,70
1621588474405,1621588474515,110
1621588474765,1621588474808,43
1621588474905,1621588474925,20
1621588475005,1621588475075,70
1621588475165,1621588475215,50
1621588475444,1621588475594,150
1621588475724,1621588475924,200
1621588476014,1621588476114,100
1621588476214,1621588476224,10
1621588476354,1621588476364,10
1621588476444,1621588476764,320
1621588476864,1621588476874,10
1621588476964,1621588477043,79
1621588477153,1621588477173,20
1621588477303,1621588477313,10
1621588477493,1621588477613,120
1621588477813,1621588477923,110
1621588478013,1621588478023,10
1621588478123,1621588478333,210
1621588479432,1621588479442,10
1621588479572,1621588479612,40
1621588479702,1621588479712,10
1621588479952,1621588479982,30
1621588480102,1621588480112,10
1621588480232,1621588480262,30
1621588480361,1621588480551,190
1621588480761,1621588480801,40
1621588482400,1621588482460,60
1621588482550,1621588482580,30
1621588482660,1621588482710,50
1621588482810,1621588482840,30
1621588482970,1621588482980,10
1621588483250,1621588483260,10
1621588483400,1621588483410,10
1621588483510,1621588483559,49
1621588483789,1621588483869,80
1621588483989,1621588483999,10
1621588484189,1621588484249,60
1621588484669,1621588484679,10
1621588484759,1621588484779,20
1621588484909,1621588484939,30
1621588485029,1621588485198,169
1621588485298,1621588485478,180
1621588485708,1621588485758,50
1621588485938,1621588485998,60
1621588487737,1621588487757,20
1621588487897,1621588488117,220
1621588488197,1621588488207,10
1621588488447,1621588488656,209
1621588490315,1621588490365,50
1621588490455,1621588490525,70
1621588490615,1621588490635,20
1621588490915,1621588490925,10
1621588491015,1621588491195,180
1621588491285,1621588491295,10
1621588491415,1621588491495,80
1621588491635,1621588491744,109
1621588491944,1621588491994,50
1621588492154,1621588492294,140
1621588492504,1621588492544,40
1621588492664,1621588492674,10
1621588492764,1621588493064,300
1621588493164,1621588493194,30
1621588493413,1621588493583,170
1621588493853,1621588494173,320
1621588494403,1621588494453,50
1621588494673,1621588494773,100
1621588494863,1621588494963,100
1621588495102,1621588495492,390
1621588495602,1621588495632,30
1621588495772,1621588495782,10
1621588495882,1621588495892,10
1621588496022,1621588496062,40
1621588496172,1621588496182,10
1621588496452,1621588496462,10
1621588496602,1621588496612,10
1621588496701,1621588496881,180
1621588496961,1621588497031,70
1621588497121,1621588497161,40
1621588497261,1621588497411,150
1621588497521,1621588497531,10
1621588497681,1621588497691,10
1621588497801,1621588497811,10
1621588497911,1621588498121,210
1621588498211,1621588498241,30
1621588498330,1621588498360,30
1621588498500,1621588498540,40
1621588498620,1621588498630,10
1621588498770,1621588498780,10
1621588498900,1621588498940,40
1621588499050,1621588499060,10
1621588499200,1621588499210,10
1621588499310,1621588499350,40
1621588499430,1621588499630,200
1621588499850,1621588499909,59
1621588500019,1621588500089,70
1621588500169,1621588500189,20
1621588500319,1621588500329,10
1621588500479,1621588500489,10
1621588500629,1621588500639,10
1621588500739,1621588500749,10
1621588500869,1621588501159,290
1621588501269,1621588501279,10
1621588501549,1621588501578,29
1621588501828,1621588501878,50
1621588502098,1621588502108,10
1621588502518,1621588502528,10
1621588502688,1621588502708,20
1621588502798,1621588502948,150
1621588503068,1621588503098,30
1621588503217,1621588503227,10
1621588503367,1621588503377,10
1621588504327,1621588504357,30
1621588504517,1621588504647,130
1621588504936,1621588505046,110
1621588505146,1621588505156,10
1621588505266,1621588505296,30
1621588505416,1621588505426,10
1621588505646,1621588505706,60
1621588505846,1621588505876,30
1621588505976,1621588506046,70
1621588506266,1621588506296,30
1621588506436,1621588506446,10
1621588506565,1621588506695,130
1621588506865,1621588506875,10
1621588507005,1621588507015,10
1621588507125,1621588507175,50
1621588507435,1621588507445,10
1621588507565,1621588507745,180
1621588507845,1621588507875,30
1621588508114,1621588508164,50
1621588508414,1621588508444,30
1621588508744,1621588508864,120
1621588508954,1621588509024,70
1621588509134,1621588509164,30
1621588509284,1621588509294,10
1621588509534,1621588509544,10
1621588509684,1621588509694,10
1621588509893,1621588509973,80
1621588510113,1621588510123,10
1621588510213,1621588510373,160
1621588510473,1621588510573,100
1621588510763,1621588510793,30
1621588510893,1621588511063,170
1621588511183,1621588511213,30
1621588511333,1621588511343,10
1621588511462,1621588511472,10
1621588511642,1621588511742,100
1621588511882,1621588511892,10
1621588512002,1621588512162,160
1621588512262,1621588512292,30
1621588512412,1621588512602,190
1621588512722,1621588512892,170
1621588512972,1621588513101,129
1621588513261,1621588513731,470
1621588513851,1621588513881,30
1621588513981,1621588514011,30
1621588514131,1621588514161,30
1621588514261,1621588514291,30
1621588514461,1621588514670,209
1621588514930,1621588515149,219
1621588515270,1621588515280,10
1621588515410,1621588515440,30
1621588515720,1621588515730,10
1621588515880,1621588515990,110
1621588516110,1621588516140,30
1621588516379,1621588516679,300
1621588516799,1621588516809,10
1621588516919,1621588516929,10
1621588517079,1621588517089,10
1621588517199,1621588517209,10
1621588517299,1621588517359,60
1621588517599,1621588517629,30
1621588517888,1621588517968,80
1621588518118,1621588518198,80
1621588518428,1621588518458,30
1621588518638,1621588518648,10
1621588518998,1621588519008,10
1621588519148,1621588519218,70
1621588519418,1621588519577,159
1621588519697,1621588519707,10
1621588519817,1621588519987,170
1621588520077,1621588520107,30
1621588520327,1621588520357,30
1621588520497,1621588520507,10
1621588520867,1621588520927,60
1621588521166,1621588521196,30
1621588521286,1621588521346,60
1621588521466,1621588521476,10
1621588521576,1621588521606,30
1621588521696,1621588521756,60
1621588521876,1621588521926,50
1621588522046,1621588522056,10
1621588522176,1621588522206,30
1621588522466,1621588522596,130
1621588522766,1621588522795,29
1621588522895,1621588522945,50
1621588523045,1621588523075,30
1621588524045,1621588524095,50
1621588524185,1621588524195,10
1621588524315,1621588524345,30
1621588524454,1621588524464,10
1621588524584,1621588524634,50
1621588524714,1621588524724,10
1621588524884,1621588524894,10
1621588525044,1621588525134,90
1621588525284,1621588525294,10
1621588525414,1621588525424,10
1621588525544,1621588525594,50
1621588525714,1621588525724,10
1621588525824,1621588526123,299
1621588526243,1621588526273,30
1621588526393,1621588526433,40
1621588526553,1621588526563,10
1621588526783,1621588526823,40
1621588526953,1621588527103,150
1621588528052,1621588528062,10
1621588528182,1621588528192,10
1621588528432,1621588528592,160
1621588528862,1621588528892,30
1621588529022,1621588529032,10
1621588529172,1621588529312,140
1621588529431,1621588529441,10
1621588529571,1621588529581,10
1621588529831,1621588529841,10
1621588530031,1621588530131,100
1621588530391,1621588530541,150
1621588530831,1621588530841,10
1621588531920,1621588531930,10
1621588532200,1621588532210,10
1621588532530,1621588532590,60
1621588533249,1621588533284,35
1621588533729,1621588533839,110
1621588534618,1621588534658,40
1621588534798,1621588534828,30
1621588534938,1621588534948,10
1621588535038,1621588535358,320
1621588535458,1621588535538,80
1621588535618,1621588535628,10
1621588535748,1621588535798,50
1621588535897,1621588535907,10
1621588536027,1621588536057,30
1621588536167,1621588536177,10
1621588536317,1621588536347,30
1621588536467,1621588536477,10
1621588536597,1621588536627,30
1621588536787,1621588536797,10
1621588536887,1621588537057,170
1621588537576,1621588537626,50
1621588537746,1621588537896,150
1621588538016,1621588538026,10
1621588538146,1621588538176,30
1621588538316,1621588538326,10
1621588538446,1621588538456,10
1621588538576,1621588538646,70
1621588538826,1621588538856,30
1621588538996,1621588539126,130
1621588539375,1621588539405,30
1621588539485,1621588539555,70
1621588539675,1621588539705,30
1621588539815,1621588539845,30
1621588540105,1621588540155,50
1621588540385,1621588540445,60
1621588540585,1621588540615,30
1621588540725,1621588540775,50
1621588540874,1621588541024,150
1621588541114,1621588541144,30
1621588541244,1621588541274,30
1621588541394,1621588541424,30
1621588541664,1621588541694,30
1621588541834,1621588541844,10
1621588541964,1621588541974,10
1621588542064,1621588542124,60
1621588542254,1621588542264,10
1621588542354,1621588542443,89
1621588542583,1621588542673,90
1621588542833,1621588542863,30
1621588543093,1621588543123,30
1621588543363,1621588543393,30
1621588543533,1621588543563,30
1621588543643,1621588543673,30
1621588543783,1621588543973,190
1621588544082,1621588544092,10
1621588544222,1621588544381,159
1621588544512,1621588544792,280
1621588544932,1621588544942,10
1621588545042,1621588545242,200
1621588545382,1621588545392,10
1621588545512,1621588545542,30
1621588545781,1621588545841,60
1621588546061,1621588546091,30
1621588546221,1621588546231,10
1621588546501,1621588546811,310
1621588546911,1621588546941,30
1621588547081,1621588547091,10
1621588547201,1621588547231,30
1621588547470,1621588547480,10
1621588547650,1621588547810,160
1621588547900,1621588547910,10
1621588548010,1621588548110,100
1621588548330,1621588548360,30
1621588548450,1621588548680,230
1621588548770,1621588548780,10
1621588548910,1621588548940,30
1621588549049,1621588549079,30
1621588549309,1621588549339,30
1621588549519,1621588549529,10
1621588549619,1621588549629,10
1621588549739,1621588549789,50
1621588549929,1621588549939,10
1621588550029,1621588550079,50
1621588550179,1621588550189,10
1621588550319,1621588550329,10
1621588550429,1621588550489,60
1621588550598,1621588550758,160
1621588551018,1621588551088,70
1621588551178,1621588551188,10
1621588551328,1621588551358,30
1621588551468,1621588551478,10
1621588551618,1621588551758,140
1621588551868,1621588551898,30
1621588552028,1621588552058,30
1621588552297,1621588552327,30
1621588552517,1621588552607,90
1621588552747,1621588552777,30
1621588552877,1621588552907,30
1621588553017,1621588553047,30
1621588553167,1621588553207,40
1621588553287,1621588553327,40
1621588553437,1621588553597,160
1621588553697,1621588553707,10
1621588553787,1621588553856,69
1621588554016,1621588554126,110
1621588554266,1621588554296,30
1621588554386,1621588554546,160
1621588554666,1621588554676,10
1621588554796,1621588554976,180
1621588555096,1621588555146,50
1621588555246,1621588555256,10
1621588555376,1621588555406,30
1621588555515,1621588555805,290
1621588556075,1621588556105,30
1621588556235,1621588556255,20
1621588556345,1621588556405,60
1621588556585,1621588556625,40
1621588556745,1621588556755,10
1621588556895,1621588556965,70
1621588557045,1621588557075,30
1621588557164,1621588557194,30
1621588557314,1621588557324,10
1621588557444,1621588557479,35
1621588557664,1621588557744,80
1621588557884,1621588557894,10
1621588558034,1621588558044,10
1621588558164,1621588558174,10
1621588558254,1621588558314,60
1621588558454,1621588558464,10
1621588558554,1621588558614,60
1621588558704,1621588558763,59
1621588558883,1621588558933,50
1621588559033,1621588559243,210
1621588559333,1621588559463,130
1621588559693,1621588559743,50
1621588559903,1621588560173,270
1621588560253,1621588560442,189
1621588560552,1621588560562,10
1621588560652,1621588560722,70
1621588561002,1621588561012,10
1621588561262,1621588561292,30
1621588561392,1621588561442,50
1621588561542,1621588561592,50
1621588561712,1621588561722,10
1621588561822,1621588561872,50
1621588562111,1621588562141,30
1621588562221,1621588562461,240
1621588562651,1621588562871,220
1621588562971,1621588562981,10
1621588563071,1621588563141,70
1621588569917,1621588569927,10
1621588570067,1621588570077,10
1621588570197,1621588570226,29
1621588570346,1621588570356,10
1621588574494,1621588574734,240
1621588574934,1621588575413,479
1621588575663,1621588575693,30
1621588575813,1621588575833,20
1621588575953,1621588575963,10
1621588576083,1621588576113,30
1621588576253,1621588576263,10
1621588576513,1621588576693,180
1621588576812,1621588576822,10
1621588576932,1621588576972,40
1621588577062,1621588577152,90
1621588577232,1621588577242,10
1621588577512,1621588577522,10
1621588577662,1621588577672,10
1621588577802,1621588577812,10
1621588577932,1621588577942,10
1621588578062,1621588578112,50
1621588578192,1621588578242,50
1621588578451,1621588578521,70
1621588578651,1621588578661,10
1621588578761,1621588578821,60
1621588578931,1621588578941,10
1621588579181,1621588579191,10
1621588579331,1621588579341,10
1621588579451,1621588579761,310
1621588579881,1621588579911,30
1621588580030,1621588580040,10
1621588580130,1621588580160,30
1621588580280,1621588580290,10
1621588580410,1621588580630,220
1621588580720,1621588580730,10
1621588580850,1621588580860,10
1621588581030,1621588581140,110
1621588581300,1621588581440,140
1621588581580,1621588581639,59
1621588581719,1621588581729,10
1621588581869,1621588581879,10
1621588581999,1621588582029,30
1621588582419,1621588582429,10
1621588582569,1621588582679,110
1621588582809,1621588582859,50
1621588583039,1621588583159,120
1621588583249,1621588583259,10
1621588583378,1621588583388,10
1621588583508,1621588583538,30
1621588583648,1621588583680,32
1621588583798,1621588583808,10
1621588583918,1621588583928,10
1621588584068,1621588584208,140
1621588584308,1621588584338,30
1621588584468,1621588584478,10
1621588584598,1621588584608,10
1621588584708,1621588584878,170
1621588584997,1621588585027,30
1621588585147,1621588585187,40
1621588585267,1621588585277,10
1621588585417,1621588585427,10
1621588585547,1621588585597,50
1621588587596,1621588587756,160
1621588587866,1621588587876,10
1621588587996,1621588588006,10
1621588588126,1621588588156,30
1621588588275,1621588588305,30
1621588588435,1621588588645,210
1621588588745,1621588588775,30
1621588588885,1621588588925,40
1621588589195,1621588589205,10
1621588589435,1621588589445,10
1621588589595,1621588589655,60
1621588589735,1621588589745,10
1621588589984,1621588590144,160
1621588590544,1621588590574,30
1621588590694,1621588590774,80
1621588590984,1621588590994,10
1621588591523,1621588591603,80
1621588591783,1621588591813,30
1621588592063,1621588592093,30
1621588592233,1621588592243,10
1621588592363,1621588592373,10
1621588592643,1621588592673,30
1621588592783,1621588592793,10
1621588593112,1621588593142,30
1621588593352,1621588593362,10
1621588593482,1621588593512,30
1621588593652,1621588593772,120
1621588593902,1621588593912,10
1621588594032,1621588594042,10
1621588594432,1621588594542,110
1621588594632,1621588594691,59
1621588594871,1621588594891,20
1621588595091,1621588595171,80
1621588595301,1621588595681,380
1621588596770,1621588596780,10
1621588597060,1621588597090,30
1621588597330,1621588597400,70
1621588597570,1621588597640,70
1621588597800,1621588597960,160
1621588598149,1621588598229,80
1621588598479,1621588598529,50
1621588598629,1621588598639,10
1621588598769,1621588598779,10
1621588598899,1621588599079,180
1621588599179,1621588599189,10
1621588599299,1621588599379,80
1621588599479,1621588599489,10
1621588599728,1621588599738,10
1621588599818,1621588599878,60
1621588600018,1621588600028,10
1621588600148,1621588600158,10
1621588600278,1621588600288,10
1621588600428,1621588600458,30
1621588600568,1621588600778,210
1621588600868,1621588600878,10
1621588600998,1621588601028,30
1621588601148,1621588601178,30
1621588601297,1621588601307,10
1621588601447,1621588601477,30
1621588601597,1621588601607,10
1621588601727,1621588601757,30
1621588601997,1621588602007,10
1621588602127,1621588602187,60
1621588602407,1621588602457,50
1621588602697,1621588602707,10
1621588602867,1621588602896,29
1621588602996,1621588603176,180
1621588603436,1621588603446,10
1621588603566,1621588603706,140
1621588603966,1621588603996,30
1621588604116,1621588604126,10
1621588604296,1621588604476,180
1621588604565,1621588604675,110
1621588604855,1621588605085,230
1621588605165,1621588605175,10
1621588605295,1621588605305,10
1621588605445,1621588605485,40
1621588605595,1621588605625,30
1621588605865,1621588605975,110
1621588606144,1621588606194,50
1621588606274,1621588606304,30
1621588606434,1621588606444,10
1621588606574,1621588606704,130
1621588606824,1621588606994,170
1621588607094,1621588607104,10
1621588607244,1621588607254,10
1621588607494,1621588607504,10
1621588607644,1621588607654,10
1621588609013,1621588609043,30
1621588609283,1621588609313,30
1621588609432,1621588609442,10
1621588609592,1621588609642,50
1621588609812,1621588609962,150
1621588610052,1621588610172,120
1621588610262,1621588610272,10
1621588610502,1621588610592,90
1621588610702,1621588610712,10
1621588610852,1621588610862,10
1621588611091,1621588611121,30
1621588611231,1621588611241,10
1621588612351,1621588612680,329
1621588612800,1621588612940,140
1621588615899,1621588615988,89
1621588616168,1621588616178,10
1621588616268,1621588616558,290
1621588616648,1621588616708,60
1621588616928,1621588616946,18
1621588617068,1621588617128,60
1621588617228,1621588617258,30
1621588617368,1621588617378,10
1621588617508,1621588617707,199
1621588617797,1621588617827,30
1621588617927,1621588617957,30
1621588618197,1621588618227,30
1621588618347,1621588618357,10
1621588620006,1621588620076,70
1621588620296,1621588620306,10
1621588620436,1621588620446,10
1621588620676,1621588620746,70
1621588620995,1621588621045,50
1621588621135,1621588621145,10
1621588621315,1621588621325,10
1621588621415,1621588621445,30
1621588621595,1621588621645,50
1621588621745,1621588621755,10
1621588621895,1621588621945,50
1621588622035,1621588622305,270
1621588622425,1621588622454,29
1621588622614,1621588622644,30
1621588622744,1621588622754,10
1621588622874,1621588622924,50
1621588623044,1621588623094,50
1621588623184,1621588623194,10
1621588623314,1621588623344,30
1621588623464,1621588623474,10
1621588623564,1621588623624,60
1621588623734,1621588623744,10
1621588623864,1621588623874,10
1621588624014,1621588624044,30
1621588624163,1621588624193,30
1621588624393,1621588624453,60
1621588624583,1621588624653,70
1621588624833,1621588624843,10
1621588624933,1621588624963,30
1621588625083,1621588625113,30
1621588625213,1621588625243,30
1621588625343,1621588625373,30
1621588625473,1621588625533,60
1621588625613,1621588625643,30
1621588625752,1621588625762,10
1621588625882,1621588625892,10
1621588626022,1621588626192,170
1621588626332,1621588626342,10
1621588626462,1621588626472,10
1621588626582,1621588626612,30
1621588626732,1621588626762,30
1621588626862,1621588626872,10
1621588627052,1621588627062,10
1621588627182,1621588627192,10
1621588627312,1621588627361,49
1621588627461,1621588627621,160
1621588627751,1621588627761,10
1621588627881,1621588627891,10
1621588628011,1621588628021,10
1621588628151,1621588628161,10
1621588628451,1621588628461,10
1621588628561,1621588628591,30
1621588628831,1621588628861,30
1621588629010,1621588629170,160
1621588629280,1621588629290,10
1621588629390,1621588629490,100
1621588629570,1621588629620,50
1621588629730,1621588629760,30
1621588629860,1621588629890,30
1621588630030,1621588630040,10
1621588630140,1621588630170,30
1621588630310,1621588630340,30
1621588630460,1621588630470,10
1621588630749,1621588630789,40
1621588630879,1621588630889,10
1621588631029,1621588631039,10
1621588631149,1621588631159,10
1621588631299,1621588631309,10
1621588631559,1621588631589,30
1621588631679,1621588631689,10
1621588631829,1621588631839,10
1621588631969,1621588632169,200
1621588632258,1621588632288,30
1621588632408,1621588632438,30
1621588632568,1621588632688,120
1621588633098,1621588633128,30
1621588633288,1621588633358,70
1621588633518,1621588633638,120
1621588633788,1621588633838,50
1621588633967,1621588633977,10
1621588634097,1621588634257,160
1621588634377,1621588634387,10
1621588634507,1621588634537,30
1621588634667,1621588634677,10
1621588634797,1621588634807,10
1621588634927,1621588634937,10
1621588635067,1621588635137,70
1621588635317,1621588635377,60
1621588635497,1621588635636,139
1621588635776,1621588635806,30
1621588635916,1621588635926,10
1621588636056,1621588636093,37
1621588636196,1621588636206,10
1621588636316,1621588636326,10
1621588636466,1621588636476,10
1621588636576,1621588636656,80
1621588636866,1621588636926,60
1621588637026,1621588637056,30
1621588637235,1621588637325,90
1621588637445,1621588637455,10
1621588637565,1621588637595,30
1621588637745,1621588637755,10
1621588637885,1621588637895,10
1621588639854,1621588639904,50
1621588640024,1621588640054,30
1621588640174,1621588640204,30
1621588640543,1621588640603,60
1621588640743,1621588640753,10
1621588640883,1621588640893,10
1621588641023,1621588641053,30
1621588641143,1621588641193,50
1621588641293,1621588641303,10
1621588641423,1621588641473,50
1621588641593,1621588641603,10
1621588641733,1621588641743,10
1621588641863,1621588641873,10
1621588642013,1621588642042,29
1621588642162,1621588642172,10
1621588642452,1621588642462,10
1621588642562,1621588642612,50
1621588642732,1621588642742,10
1621588642862,1621588642892,30
1621588643012,1621588643022,10
1621588643142,1621588643172,30
1621588643302,1621588643472,170
1621588643582,1621588643741,159
1621588643841,1621588643861,20
1621588644001,1621588644121,120
1621588644281,1621588644291,10
1621588644391,1621588644421,30
1621588644531,1621588644571,40
1621588644701,1621588644711,10
1621588644801,1621588644811,10
1621588645051,1621588645111,60
1621588645340,1621588645370,30
1621588645510,1621588645660,150
1621588645780,1621588645810,30
1621588645930,1621588645960,30
1621588646050,1621588646110,60
1621588646310,1621588646390,80
1621588646530,1621588646560,30
1621588646680,1621588646690,10
1621588647079,1621588647139,60
1621588647259,1621588647269,10
1621588647399,1621588647429,30
1621588647549,1621588647579,30
1621588647679,1621588647689,10
1621588647809,1621588647839,30
1621588648079,1621588648109,30
1621588648349,1621588648379,30
1621588648519,1621588648638,119
1621588648818,1621588648828,10
1621588649018,1621588649128,110
1621588649518,1621588649528,10
1621588649628,1621588649788,160
1621588649918,1621588649928,10
1621588650078,1621588650207,129
1621588650397,1621588650487,90
1621588650667,1621588650797,130
1621588650897,1621588650907,10
1621588651127,1621588651177,50
1621588651407,1621588651437,30
1621588651557,1621588651587,30
1621588651677,1621588651707,30
1621588651846,1621588651856,10
1621588651976,1621588651986,10
1621588652116,1621588652186,70
1621588652376,1621588652406,30
1621588652546,1621588652696,150
1621588652816,1621588652826,10
1621588653096,1621588653126,30
1621588653376,1621588653406,30
1621588653515,1621588653545,30
1621588653645,1621588653655,10
1621588653745,1621588653805,60
1621588654045,1621588654075,30
1621588654315,1621588654345,30
1621588654575,1621588654625,50
1621588654745,1621588654755,10
1621588655784,1621588656240,456
1621588656414,1621588656444,30
1621588656524,1621588656554,30
1621588656684,1621588656694,10
1621588656793,1621588656853,60
1621588656963,1621588656973,10
1621588657093,1621588657103,10
1621588657363,1621588657373,10
1621588657493,1621588657503,10
1621588657613,1621588657813,200
1621588657893,1621588657923,30
1621588658033,1621588658043,10
1621588658173,1621588658203,30
1621588658333,1621588658592,259
1621588658712,1621588658722,10
1621588658842,1621588658872,30
1621588659042,1621588659142,100
1621588659282,1621588659462,180
1621588659562,1621588659572,10
1621588659712,1621588659722,10
1621588659832,1621588659872,40
1621588660031,1621588660111,80
1621588663249,1621588663259,10
1621588663359,1621588663389,30
1621588663499,1621588663509,10
1621588663619,1621588663669,50
1621588663809,1621588663819,10
1621588663949,1621588663959,10
1621588664079,1621588664109,30
1621588664369,1621588664529,160
1621588664649,1621588664659,10
1621588664799,1621588664829,30
1621588665088,1621588665138,50
1621588665368,1621588665408,40
1621588665628,1621588665658,30
1621588665758,1621588665788,30
1621588665868,1621588665928,60
1621588666028,1621588666038,10
1621588666168,1621588666368,200
1621588666468,1621588666507,39
1621588666627,1621588666637,10
1621588666747,1621588666777,30
1621588666997,1621588667027,30
1621588667277,1621588667307,30
1621588667447,1621588667457,10
1621588667557,1621588667587,30
1621588667717,1621588667727,10
1621588667807,1621588667877,70
1621588668057,1621588668176,119
1621588668266,1621588668276,10
1621588668406,1621588668436,30
1621588668526,1621588668556,30
1621588668676,1621588668686,10
1621588668806,1621588668836,30
1621588668966,1621588668976,10
1621588669096,1621588669126,30
1621588669376,1621588669406,30
1621588669526,1621588669676,150
1621588669815,1621588669825,10
1621588669925,1621588669935,10
1621588670075,1621588670225,150
1621588670425,1621588670495,70
1621588670635,1621588670645,10
1621588670745,1621588670775,30
1621588670915,1621588670925,10
1621588671065,1621588671075,10
1621588671165,1621588671195,30
1621588671424,1621588671454,30
1621588671584,1621588671744,160
1621588671864,1621588671874,10
1621588672144,1621588672174,30
1621588672284,1621588672294,10
1621588672404,1621588672454,50
1621588672584,1621588672594,10
1621588672674,1621588672724,50
1621588672834,1621588672844,10
1621588672964,1621588672994,30
1621588673093,1621588673103,10
1621588673283,1621588673293,10
1621588673393,1621588673423,30
1621588673673,1621588673703,30
1621588673953,1621588674003,50
1621588674103,1621588674153,50
1621588674333,1621588674393,60
1621588674662,1621588674692,30
1621588675092,1621588675122,30
1621588675212,1621588675252,40
1621588675362,1621588675502,140
1621588675622,1621588675812,190
1621588675952,1621588676122,170
1621588676232,1621588676391,159
1621588676741,1621588676791,50
1621588676991,1621588677361,370
1621588677601,1621588677611,10
1621588677731,1621588677741,10
1621588678010,1621588678020,10
1621588678330,1621588678420,90
1621588678580,1621588678610,30
1621588678860,1621588678870,10
1621588679150,1621588679160,10
1621588679280,1621588679290,10
1621588679430,1621588679460,30
1621588679689,1621588679719,30
1621588679849,1621588679859,10
1621588679979,1621588680159,180
1621588680309,1621588680469,160
1621588680589,1621588680619,30
1621588680749,1621588680759,10
1621588680879,1621588680889,10
1621588681009,1621588681019,10
1621588681159,1621588681169,10
1621588681298,1621588681328,30
1621588681448,1621588681458,10
1621588681578,1621588681628,50
1621588681728,1621588681738,10
1621588682278,1621588682288,10
1621588682418,1621588682428,10
1621588682797,1621588682807,10
1621588683627,1621588683657,30
1621588683777,1621588683787,10
1621588684047,1621588684057,10
1621588684267,1621588684307,40
1621588684466,1621588684726,260
1621588684866,1621588684876,10
1621588684996,1621588685006,10
1621588685126,1621588685136,10
1621588685276,1621588685286,10
1621588685406,1621588685436,30
1621588685816,1621588685826,10
1621588685996,1621588686125,129
1621588686225,1621588686405,180
1621588686525,1621588686535,10
1621588686655,1621588686685,30
1621588686945,1621588686955,10
1621588687245,1621588687255,10
1621588687385,1621588687395,10
1621588687495,1621588687655,160
1621588687784,1621588687794,10
1621588687914,1621588687944,30
1621588688044,1621588688054,10
1621588688214,1621588688354,140
1621588688514,1621588688644,130
1621588688874,1621588688904,30
1621588689134,1621588689204,70
1621588689324,1621588689353,29
1621588689433,1621588689503,70
1621588689593,1621588689623,30
1621588689743,1621588689753,10
1621588689873,1621588690073,200
1621588690163,1621588690173,10
1621588690293,1621588690343,50
1621588691272,1621588691592,320
1621588691672,1621588691732,60
1621588691982,1621588691992,10
1621588692082,1621588692142,60
1621588692242,1621588692292,50
1621588692392,1621588692402,10
1621588692661,1621588692691,30
1621588693081,1621588693091,10
1621588693211,1621588693221,10
1621588693351,1621588693361,10
1621588693631,1621588693661,30
1621588693741,1621588693771,30
1621588694051,1621588694220,169
1621588694330,1621588694360,30
1621588694600,1621588694610,10
1621588695130,1621588695160,30
1621588695290,1621588695350,60
1621588695570,1621588695680,110
1621588695800,1621588695919,119
1621588696109,1621588696139,30
1621588696279,1621588696309,30
1621588696429,1621588696439,10
1621588696599,1621588696609,10
1621588696709,1621588696719,10
1621588696829,1621588696859,30
1621588697109,1621588697159,50
1621588697409,1621588697718,309
1621588697808,1621588697818,10
1621588697958,1621588697968,10
1621588698068,1621588698118,50
1621588698228,1621588698238,10
1621588698338,1621588698388,50
1621588698498,1621588698508,10
1621588698778,1621588698788,10
1621588698918,1621588698928,10
1621588699028,1621588699038,10
1621588699177,1621588699207,30
1621588699427,1621588699437,10
1621588699577,1621588699627,50
1621588699747,1621588699757,10
1621588699857,1621588699887,30
1621588700067,1621588700157,90
1621588700247,1621588700277,30
1621588700397,1621588700407,10
1621588700527,1621588700537,10
1621588700657,1621588700856,199
1621588700946,1621588700976,30
1621588701096,1621588701106,10
1621588701216,1621588701226,10
1621588701356,1621588701386,30
1621588701676,1621588701756,80
1621588701896,1621588701906,10
1621588702026,1621588702036,10
1621588702176,1621588702206,30
1621588702316,1621588702326,10
1621588702465,1621588702475,10
1621588702555,1621588702755,200
1621588703125,1621588703155,30
1621588703265,1621588703275,10
1621588703525,1621588703535,10
1621588703785,1621588703875,90
1621588703975,1621588704004,29
1621588704094,1621588704144,50
1621588704244,1621588704254,10
1621588704494,1621588704544,50
1621588704794,1621588704804,10
1621588704914,1621588704924,10
1621588705084,1621588705224,140
1621588705454,1621588705504,50
1621588705643,1621588705833,190
1621588705963,1621588706053,90
1621588706333,1621588706343,10
1621588706593,1621588706603,10
1621588706783,1621588706913,130
1621588707123,1621588707173,50
1621588707292,1621588707302,10
1621588707432,1621588707442,10
1621588707552,1621588707612,60
1621588707702,1621588707762,60
1621588707842,1621588707892,50
1621588708112,1621588708142,30
1621588708262,1621588708272,10
1621588708392,1621588708422,30
1621588708582,1621588708692,110
1621588708941,1621588708991,50
1621588709091,1621588709101,10
1621588709181,1621588709251,70
1621588709341,1621588709351,10
1621588709431,1621588709521,90
1621588709651,1621588709661,10
1621588709791,1621588709821,30
1621588709931,1621588709941,10
1621588710051,1621588710241,190
1621588710321,1621588710540,219
1621588710630,1621588710690,60
1621588710780,1621588710790,10
1621588710890,1621588710920,30
1621588711050,1621588711210,160
1621588711330,1621588711340,10
1621588711570,1621588711620,50
1621588711750,1621588711760,10
1621588711880,1621588712020,140
1621588712120,1621588712169,49
1621588712509,1621588712539,30
1621588712799,1621588712809,10
1621588712979,1621588712989,10
1621588713089,1621588713139,50
1621588713339,1621588713369,30
1621588713609,1621588713689,80
1621588713798,1621588713808,10
1621588713908,1621588713918,10
1621588714008,1621588714168,160
1621588714338,1621588714418,80
1621588714578,1621588714608,30
1621588714728,1621588714738,10
1621588714858,1621588714968,110
1621588715148,1621588715178,30
1621588715437,1621588715487,50
1621588715617,1621588715627,10
1621588715747,1621588715787,40
1621588715967,1621588716237,270
1621588716367,1621588716437,70
1621588716577,1621588716587,10
1621588716847,1621588716877,30
1621588717146,1621588717156,10
1621588717266,1621588717276,10
1621588717376,1621588717386,10
1621588717526,1621588717536,10
1621588717616,1621588717686,70
1621588717916,1621588717926,10
1621588718076,1621588718086,10
1621588718206,1621588718256,50
1621588718496,1621588718526,30
1621588718626,1621588718636,10
1621588718795,1621588718805,10
1621588718915,1621588718925,10
1621588719035,1621588719095,60
1621588719175,1621588719225,50
1621588719455,1621588719485,30
1621588719695,1621588719775,80
1621588719895,1621588719905,10
1621588720005,1621588720035,30
1621588720165,1621588720175,10
1621588720304,1621588720334,30
1621588720574,1621588720624,50
1621588720704,1621588720734,30
1621588720864,1621588720874,10
1621588720994,1621588721004,10
1621588721114,1621588721294,180
1621588721414,1621588721424,10
1621588721544,1621588721574,30
1621588721834,1621588721844,10
1621588721943,1621588721953,10
1621588722073,1621588722103,30
1621588722193,1621588722313,120
1621588722393,1621588722403,10
1621588722663,1621588722673,10
1621588723043,1621588723093,50
1621588723213,1621588723223,10
1621588723383,1621588723393,10
1621588723582,1621588723662,80
1621588723762,1621588723772,10
1621588723892,1621588723902,10
1621588724002,1621588724052,50
1621588724172,1621588724202,30
1621588724332,1621588724372,40
1621588724462,1621588724472,10
1621588724562,1621588724722,160
1621588724892,1621588724922,30
1621588725042,1621588725201,159
1621588725431,1621588725591,160
1621588725711,1621588725721,10
1621588725861,1621588725941,80
1621588726081,1621588726151,70
1621588726281,1621588726291,10
1621588726411,1621588726421,10
1621588726561,1621588726611,50
1621588726701,1621588726711,10
1621588726830,1621588726860,30
1621588726980,1621588726990,10
1621588727090,1621588727170,80
1621588727360,1621588727390,30
1621588727610,1621588727670,60
1621588727800,1621588727840,40
1621588727960,1621588727970,10
1621588728060,1621588728070,10
1621588728160,1621588728240,80
1621588728350,1621588728360,10
1621588728479,1621588728509,30
1621588728629,1621588728739,110
1621588728879,1621588728889,10
1621588729029,1621588729039,10
1621588729159,1621588729209,50
1621588729439,1621588729469,30
1621588729599,1621588729719,120
1621588729999,1621588730009,10
1621588730118,1621588730168,50
1621588730428,1621588730438,10
1621588730518,1621588730578,60
1621588730708,1621588730738,30
1621588731118,1621588731168,50
1621588731408,1621588731438,30
1621588731658,1621588731668,10
1621588731777,1621588731841,64
1621588732077,1621588732087,10
1621588732327,1621588732357,30
1621588732627,1621588732657,30
1621588732887,1621588732937,50
1621588733117,1621588733187,70
1621588733456,1621588733636,180
1621588733766,1621588733776,10
1621588733896,1621588733906,10
1621588734026,1621588734036,10
1621588734116,1621588734226,110
1621588734446,1621588734476,30
1621588734616,1621588734626,10
1621588734746,1621588734776,30
1621588734896,1621588734906,10
1621588735045,1621588735055,10
1621588735155,1621588735185,30
1621588735345,1621588735475,130
1621588735605,1621588735635,30
1621588735875,1621588735885,10
1621588736015,1621588736135,120
1621588736295,1621588736305,10
1621588736425,1621588736435,10
1621588736574,1621588736584,10
1621588736674,1621588736724,50
1621588736944,1621588736974,30
1621588737134,1621588737334,200
1621588737444,1621588737454,10
1621588737544,1621588737704,160
1621588737824,1621588737854,30
1621588737984,1621588737994,10
1621588738084,1621588738144,60
1621588738413,1621588738443,30
1621588738583,1621588738593,10
1621588739103,1621588739153,50
1621588739373,1621588739403,30
1621588739912,1621588739972,60
1621588740092,1621588740172,80
1621588740282,1621588740322,40
1621588740412,1621588740422,10
1621588740542,1621588740572,30
1621588740842,1621588740852,10
1621588741092,1621588741122,30
1621588741461,1621588741541,80
1621588741661,1621588741691,30
1621588741791,1621588741841,50
1621588741941,1621588741951,10
1621588742061,1621588742091,30
1621588742211,1621588742241,30
1621588742341,1621588742351,10
1621588742491,1621588742501,10
1621588742611,1621588742621,10
1621588742891,1621588742901,10
1621588743001,1621588743170,169
1621588743350,1621588743480,130
1621588743730,1621588743740,10
1621588743860,1621588743870,10
1621588744030,1621588744170,140
1621588744430,1621588744460,30
1621588744590,1621588744620,30
1621588744729,1621588744739,10
1621588744859,1621588744869,10
1621588744989,1621588745039,50
1621588745129,1621588745139,10
1621588745279,1621588745289,10
1621588745429,1621588745439,10
1621588745579,1621588745709,130
1621588745959,1621588745969,10
1621588746089,1621588746159,70
1621588746358,1621588746388,30
1621588746658,1621588746818,160
1621588746928,1621588746968,40
1621588747078,1621588747108,30
1621588747338,1621588747368,30
1621588747967,1621588748007,40
1621588748097,1621588748137,40
1621588748227,1621588748367,140
1621588748497,1621588748667,170
1621588749077,1621588749127,50
1621588749217,1621588749227,10
1621588749347,1621588749377,30
1621588749497,1621588749507,10
1621588749646,1621588749656,10
1621588749896,1621588749906,10
1621588749996,1621588750206,210
1621588750326,1621588750336,10
1621588750466,1621588750476,10
1621588750606,1621588750656,50
1621588750746,1621588750756,10
1621588751026,1621588751325,299
1621588751425,1621588751455,30
1621588751825,1621588751905,80
1621588751995,1621588752005,10
1621588752105,1621588752175,70
1621588752275,1621588752425,150
1621588752715,1621588752725,10
1621588752815,1621588752825,10
1621588753094,1621588753104,10
1621588753294,1621588753404,110
1621588753514,1621588753524,10
1621588753644,1621588753664,20
1621588753744,1621588753774,30
1621588753894,1621588753904,10
1621588754004,1621588754224,220
1621588754424,1621588754454,30
1621588754583,1621588754693,110
1621588755013,1621588755153,140
1621588755293,1621588755303,10
1621588755423,1621588755473,50
1621588755703,1621588755753,50
1621588755873,1621588755903,30
1621588756023,1621588756152,129
1621588756312,1621588756342,30
1621588756712,1621588756742,30
1621588756842,1621588756912,70
1621588757002,1621588757072,70
1621588757172,1621588757202,30
1621588757312,1621588757322,10
1621588757442,1621588757452,10
1621588757582,1621588757592,10
1621588757971,1621588758151,180
1621588758261,1621588758291,30
1621588758391,1621588758401,10
1621588758491,1621588758571,80
1621588758681,1621588758841,160
1621588758961,1621588758971,10
1621588759091,1621588759241,150
1621588759380,1621588759390,10
1621588759490,1621588759540,50
1621588759660,1621588759840,180
1621588759940,1621588759970,30
1621588760230,1621588760580,350
1621588760810,1621588760910,100
1621588761039,1621588761189,150
1621588761459,1621588761769,310
1621588762049,1621588762061,12
1621588762149,1621588762189,40
1621588762309,1621588762339,30
1621588762459,1621588762469,10
1621588762609,1621588762638,29
1621588762748,1621588762878,130
1621588763128,1621588763158,30
1621588763278,1621588763308,30
1621588764108,1621588764138,30
1621588764357,1621588764367,10
1621588764757,1621588764787,30
1621588764897,1621588764907,10
1621588765007,1621588765187,180
1621588765307,1621588765337,30
1621588765457,1621588765467,10
1621588765587,1621588765637,50
1621588765896,1621588765916,20
1621588766126,1621588766186,60
1621588766326,1621588766336,10
1621588766456,1621588766486,30
1621588766566,1621588766676,110
1621588766756,1621588766786,30
1621588766916,1621588766926,10
1621588767046,1621588767206,160
1621588767426,1621588767456,30
1621588767575,1621588767585,10
1621588767725,1621588767735,10
1621588767895,1621588767905,10
1621588767995,1621588768005,10
1621588768125,1621588768175,50
1621588768545,1621588768705,160
1621588768965,1621588768975,10
1621588769095,1621588769105,10
1621588769214,1621588769224,10
1621588769344,1621588769374,30
1621588769504,1621588769534,30
1621588769904,1621588769934,30
1621588770054,1621588770374,320
1621588770474,1621588770484,10
1621588770624,1621588770634,10
1621588770753,1621588770783,30
1621588771023,1621588771053,30
1621588771193,1621588771203,10
1621588771293,1621588771303,10
1621588771593,1621588771603,10
1621588771713,1621588771743,30
1621588771883,1621588771893,10
1621588771973,1621588772003,30
1621588772133,1621588772143,10
1621588772293,1621588772592,299
1621588772832,1621588772842,10
1621588773042,1621588773142,100
1621588773242,1621588773252,10
1621588773392,1621588773402,10
1621588773532,1621588773542,10
1621588773812,1621588773822,10
1621588773962,1621588773972,10
1621588774071,1621588774101,30
1621588774241,1621588774251,10
1621588774641,1621588774671,30
1621588774921,1621588774971,50
1621588775061,1621588775161,100
1621588775241,1621588775251,10
1621588775391,1621588775421,30
1621588775541,1621588775571,30
1621588775810,1621588775910,100
1621588776090,1621588776370,280
1621588777010,1621588777040,30
1621588777160,1621588777319,159
1621588777559,1621588777719,160
1621588777859,1621588777869,10
1621588777989,1621588778019,30
1621588778149,1621588778159,10
1621588778529,1621588778539,10
1621588778639,1621588778669,30
1621588778819,1621588779118,299
1621588779198,1621588779208,10
1621588779338,1621588779368,30
1621588779498,1621588779508,10
1621588779598,1621588779658,60
1621588779778,1621588779788,10
1621588779928,1621588780088,160
1621588780188,1621588780218,30
1621588780348,1621588780468,120
1621588780597,1621588780737,140
1621588780857,1621588780887,30
1621588781127,1621588781157,30
1621588781277,1621588781287,10
1621588781427,1621588781437,10
1621588781557,1621588781567,10
1621588781697,1621588782136,439
1621588782256,1621588782273,17
1621588782526,1621588782536,10
1621588782636,1621588782746,110
1621588783076,1621588783086,10
1621588783216,1621588783416,200
1621588783636,1621588783676,40
1621588783925,1621588783935,10
1621588784055,1621588784085,30
1621588784345,1621588784355,10
1621588784605,1621588784635,30
1621588784755,1621588784785,30
1621588784865,1621588785205,340
1621588785444,1621588785474,30
1621588785574,1621588785584,10
1621588785864,1621588785874,10
1621588785994,1621588786274,280
1621588786394,1621588786424,30
1621588786544,1621588786704,160
1621588786934,1621588786984,50
1621588787093,1621588787273,180
1621588787363,1621588787373,10
1621588787493,1621588787503,10
1621588787623,1621588787633,10
1621588787793,1621588787833,40
1621588787913,1621588787923,10
1621588788043,1621588788203,160
1621588788343,1621588788353,10
1621588788453,1621588788483,30
1621588788613,1621588788623,10
1621588788962,1621588789172,210
1621588789442,1621588789452,10
1621588789692,1621588789722,30
1621588789822,1621588789852,30
1621588789992,1621588790002,10
1621588790092,1621588790122,30
1621588790341,1621588790571,230
1621588790841,1621588790851,10
1621588790941,1621588791001,60
1621588791101,1621588791171,70
1621588791261,1621588791271,10
1621588791411,1621588791601,190
1621588791711,1621588791771,60
1621588791881,1621588791891,10
1621588792010,1621588792040,30
1621588792180,1621588792340,160
1621588792460,1621588792500,40
1621588792580,1621588792620,40
1621588792730,1621588792740,10
1621588792840,1621588792890,50
1621588793000,1621588793290,290
1621588793390,1621588793400,10
1621588793539,1621588793569,30
1621588793679,1621588793689,10
1621588793809,1621588793989,180
1621588794079,1621588794149,70
1621588794279,1621588794419,140
1621588794529,1621588794559,30
1621588794679,1621588794689,10
1621588794829,1621588794859,30
1621588794969,1621588795158,189
1621588795278,1621588795288,10
1621588795398,1621588795408,10
1621588795518,1621588795568,50
1621588795678,1621588795708,30
1621588795828,1621588795838,10
1621588795958,1621588796008,50
1621588796098,1621588796108,10
1621588796228,1621588796258,30
1621588796508,1621588796558,50
1621588796678,1621588796688,10
1621588796927,1621588796957,30
1621588797087,1621588797257,170
1621588797377,1621588797388,11
1621588797477,1621588797507,30
1621588797637,1621588797667,30
1621588797797,1621588797807,10
1621588797927,1621588797937,10
1621588798057,1621588798087,30
1621588798207,1621588798217,10
1621588798357,1621588798367,10
1621588798606,1621588798656,50
1621588798756,1621588798786,30
1621588798896,1621588798936,40
1621588799046,1621588799056,10
1621588799176,1621588799186,10
1621588799326,1621588799336,10
1621588799476,1621588799486,10
1621588799596,1621588799606,10
1621588799856,1621588799886,30
1621588800016,1621588800175,159
1621588800255,1621588800285,30
1621588800415,1621588800425,10
1621588800545,1621588800555,10
1621588800675,1621588800705,30
1621588800945,1621588800975,30
1621588801225,1621588801235,10
1621588801515,1621588801525,10
1621588801655,1621588801784,129
1621588801924,1621588801954,30
1621588802094,1621588802104,10
1621588802204,1621588802234,30
1621588802364,1621588802374,10
1621588802494,1621588802504,10
1621588802644,1621588802674,30
1621588802904,1621588802934,30
1621588803064,1621588803074,10
1621588803194,1621588803274,80
1621588803473,1621588803483,10
1621588803743,1621588803753,10
1621588803873,1621588803903,30
1621588804043,1621588804053,10
1621588804173,1621588804183,10
1621588804593,1621588804633,40
1621588804713,1621588804873,160
1621588804972,1621588804982,10
1621588805082,1621588805132,50
1621588805312,1621588805457,145
1621588805542,1621588805552,10
1621588805812,1621588805842,30
1621588805942,1621588805952,10
1621588806132,1621588806272,140
1621588806392,1621588806422,30
1621588806512,1621588806541,29
1621588806841,1621588807091,250
1621588808081,1621588808091,10
1621588808190,1621588808200,10
1621588808340,1621588808350,10
1621588808480,1621588808490,10
1621588808670,1621588808690,20
1621588808890,1621588808930,40
1621588809030,1621588809040,10
1621588809170,1621588809320,150
1621588809430,1621588809440,10
1621588809590,1621588809640,50
1621588809839,1621588810149,310
1621588810269,1621588810299,30
1621588810579,1621588810719,140
1621588810839,1621588810999,160
1621588811129,1621588811139,10
1621588811399,1621588811409,10
1621588811508,1621588811538,30
1621588811798,1621588811838,40
1621588811928,1621588811938,10
1621588812078,1621588812258,180
1621588812348,1621588812358,10
1621588812468,1621588812518,50
1621588812608,1621588812618,10
1621588812748,1621588813047,299
1621588813157,1621588813207,50
1621588813307,1621588813317,10
1621588813457,1621588813467,10
1621588813647,1621588813717,70
1621588813957,1621588814037,80
1621588814277,1621588814307,30
1621588814487,1621588814567,80
1621588814706,1621588814716,10
1621588814826,1621588814856,30
1621588815106,1621588815156,50
1621588815236,1621588815266,30
1621588815406,1621588815416,10
1621588815556,1621588815586,30
1621588815676,1621588815736,60
1621588815826,1621588815856,30
1621588815976,1621588816006,30
1621588816256,1621588816266,10
1621588816445,1621588816525,80
1621588816655,1621588816705,50
1621588816845,1621588816855,10
1621588816945,1621588816955,10
1621588817065,1621588817125,60
1621588817365,1621588817375,10
1621588817645,1621588817655,10
1621588817795,1621588817805,10
1621588818174,1621588818204,30
1621588818324,1621588818334,10
1621588818464,1621588818474,10
1621588818624,1621588818634,10
1621588818744,1621588818904,160
1621588819044,1621588819074,30
1621588819314,1621588819324,10
1621588819444,1621588819454,10
1621588819613,1621588820003,390
1621588820123,1621588820153,30
1621588820253,1621588820303,50
1621588820523,1621588820553,30
1621588820693,1621588820703,10
1621588820823,1621588820853,30
1621588820973,1621588820983,10
1621588821103,1621588821133,30
1621588821232,1621588821352,120
1621588821542,1621588821552,10
1621588821642,1621588821652,10
1621588821772,1621588821822,50
1621588821922,1621588821932,10
1621588822022,1621588822112,90
1621588822212,1621588822222,10
1621588822342,1621588822352,10
1621588822472,1621588822502,30
1621588822642,1621588822652,10
1621588822742,1621588822801,59
1621588822881,1621588822891,10
1621588823031,1621588823181,150
1621588823291,1621588823321,30
1621588823441,1621588823471,30
1621588823661,1621588823871,210
1621588824011,1621588824021,10
1621588824141,1621588824231,90
1621588824421,1621588824450,29
1621588824580,1621588824599,19
1621588824780,1621588824850,70
1621588824990,1621588825050,60
1621588825130,1621588825140,10
1621588825260,1621588825270,10
1621588825520,1621588825550,30
1621588825670,1621588825700,30
1621588825830,1621588825840,10
1621588825950,1621588826099,149
1621588826229,1621588826369,140
1621588826509,1621588826519,10
1621588826769,1621588826799,30
1621588826909,1621588827069,160
1621588827189,1621588827219,30
1621588827339,1621588827349,10
1621588827469,1621588827499,30
1621588827629,1621588827639,10
1621588827768,1621588827818,50
1621588827908,1621588827938,30
1621588828058,1621588828068,10
1621588828148,1621588828218,70
1621588828458,1621588828488,30
1621588828608,1621588828658,50
1621588828738,1621588828888,150
1621588829028,1621588829058,30
1621588829138,1621588829168,30
1621588829298,1621588829457,159
1621588829557,1621588829587,30
1621588829727,1621588829737,10
1621588829877,1621588829907,30
1621588830027,1621588830057,30
1621588830137,1621588830317,180
1621588830457,1621588830467,10
1621588830577,1621588830587,10
1621588830747,1621588830787,40
1621588830877,1621588830887,10
1621588831006,1621588831036,30
1621588831156,1621588831186,30
1621588831346,1621588831456,110
1621588831646,1621588831766,120
1621588831976,1621588832016,40
1621588832126,1621588832136,10
1621588832396,1621588832406,10
1621588832486,1621588832516,30
1621588832685,1621588832945,260
1621588833075,1621588833215,140
1621588833495,1621588833505,10
1621588833745,1621588833775,30
1621588833895,1621588834085,190
1621588834434,1621588834474,40
1621588834574,1621588834624,50
1621588834704,1621588834754,50
1621588834874,1621588834884,10
1621588835014,1621588835024,10
1621588835134,1621588835304,170
1621588835424,1621588835434,10
1621588835534,1621588835574,40
1621588835724,1621588835734,10
1621588835843,1621588835983,140
1621588836123,1621588836153,30
1621588836293,1621588836303,10
1621588836393,1621588836453,60
1621588836563,1621588836673,110
1621588836793,1621588836953,160
1621588837073,1621588837273,200
1621588837373,1621588837522,149
1621588837642,1621588837672,30
1621588837752,1621588837812,60
1621588837922,1621588837932,10
1621588838062,1621588838072,10
1621588838322,1621588838352,30
1621588838452,1621588838482,30
1621588838622,1621588838632,10
1621588838712,1621588838772,60
1621588838852,1621588838882,30
1621588838982,1621588839181,199
1621588839331,1621588839341,10
1621588839461,1621588839471,10
1621588839761,1621588839771,10
1621588840031,1621588840041,10
1621588840141,1621588840171,30
1621588840411,1621588840421,10
1621588840561,1621588840571,10
1621588840690,1621588841120,430
1621588841260,1621588841270,10
1621588841390,1621588841440,50
1621588841650,1621588841700,50
1621588841800,1621588841950,150
1621588842080,1621588842090,10
1621588842190,1621588842240,50
1621588842339,1621588842349,10
1621588842609,1621588842639,30
1621588842759,1621588842769,10
1621588842889,1621588843069,180
1621588843179,1621588843339,160
1621588843489,1621588843499,10
1621588843589,1621588843649,60
1621588843739,1621588843749,10
1621588843859,1621588843889,30
1621588844028,1621588844038,10
1621588844138,1621588844148,10
1621588844558,1621588844568,10
1621588844708,1621588844718,10
1621588844808,1621588844838,30
1621588845108,1621588845158,50
1621588845358,1621588845438,80
1621588845657,1621588845717,60
1621588845977,1621588845987,10
1621588846087,1621588846117,30
1621588846297,1621588846307,10
1621588846407,1621588846417,10
1621588846547,1621588846557,10
1621588846657,1621588846737,80
1621588846857,1621588846867,10
1621588846997,1621588847037,40
1621588847276,1621588847286,10
1621588847406,1621588847416,10
1621588847676,1621588847686,10
1621588847836,1621588847866,30
1621588848046,1621588848106,60
1621588848206,1621588848236,30
1621588848396,1621588848406,10
1621588848526,1621588848536,10
1621588848656,1621588848666,10
1621588848776,1621588848805,29
1621588849075,1621588849105,30
1621588849295,1621588849405,110
1621588849615,1621588849685,70
1621588849775,1621588849793,18
1621588849905,1621588849915,10
1621588850075,1621588850115,40
1621588850355,1621588850385,30
1621588850624,1621588850824,200
1621588850904,1621588850934,30
1621588851064,1621588851074,10
1621588851164,1621588851274,110
1621588851364,1621588851374,10
1621588851494,1621588851504,10
1621588851644,1621588851654,10
1621588851754,1621588851784,30
1621588851874,1621588851904,30
1621588852173,1621588852353,180
1621588852463,1621588852473,10
1621588852573,1621588852583,10
1621588852663,1621588852723,60
1621588853103,1621588853153,50
1621588853413,1621588853423,10
1621588853613,1621588853702,89
1621588853802,1621588853832,30
1621588854092,1621588854232,140
1621588854492,1621588854522,30
1621588854962,1621588854972,10
1621588855082,1621588855132,50
1621588855371,1621588855381,10
1621588855501,1621588855531,30
1621588855631,1621588855781,150
1621588856061,1621588856071,10
1621588856331,1621588856341,10
1621588856841,1621588856871,30
1621588857060,1621588857170,110
1621588857260,1621588857440,180
1621588857690,1621588857700,10
1621588858230,1621588858240,10
1621588858599,1621588858669,70
1621588858909,1621588858939,30
1621588859339,1621588859349,10
1621588859499,1621588859639,140
1621588859929,1621588859939,10
1621588860059,1621588860488,429
1621588860578,1621588860618,40
1621588860778,1621588860788,10
1621588860898,1621588861008,110
1621588861328,1621588861338,10
1621588861458,1621588861468,10
1621588861658,1621588861748,90
1621588861997,1621588862137,140
1621588862257,1621588862267,10
1621588862557,1621588862587,30
1621588862847,1621588862857,10
1621588863087,1621588863157,70
1621588863247,1621588863367,120
1621588863536,1621588863666,130
1621588863806,1621588863836,30
1621588863936,1621588864016,80
1621588864096,1621588864106,10
1621588864226,1621588864236,10
1621588864336,1621588864536,200
1621588864656,1621588864666,10
1621588864786,1621588864816,30
1621588864946,1621588864956,10
1621588865085,1621588865115,30
1621588865235,1621588865265,30
1621588865355,1621588865385,30
1621588865655,1621588865665,10
1621588865775,1621588865805,30
1621588866075,1621588866085,10
1621588866175,1621588866235,60
1621588866335,1621588866365,30
1621588866485,1621588866635,150
1621588866774,1621588866944,170
1621588867044,1621588867054,10
1621588867194,1621588867204,10
1621588867324,1621588867334,10
1621588867614,1621588867754,140
1621588867874,1621588867954,80
1621588868064,1621588868074,10
1621588868214,1621588868224,10
1621588868343,1621588868353,10
1621588868483,1621588868623,140
1621588868893,1621588868903,10
1621588869183,1621588869233,50
1621588869343,1621588869523,180
1621588869603,1621588869653,50
1621588869893,1621588869922,29
1621588870072,1621588870182,110
1621588870342,1621588870352,10
1621588870442,1621588870472,30
1621588870592,1621588870732,140
1621588870812,1621588871022,210
1621588871122,1621588871132,10
1621588871512,1621588871591,79
1621588871721,1621588871731,10
1621588871991,1621588872001,10
1621588872121,1621588872171,50
1621588872411,1621588872471,60
1621588872591,1621588872711,120
1621588872811,1621588872871,60
1621588873410,1621588873420,10
1621588873560,1621588873740,180
1621588873910,1621588874040,130
1621588874270,1621588874300,30
1621588874560,1621588874590,30
1621588874680,1621588874760,80
1621588874959,1621588874989,30
1621588875129,1621588875139,10
1621588875239,1621588875269,30
1621588875389,1621588875399,10
1621588875499,1621588875549,50
1621588875639,1621588875649,10
1621588875789,1621588875799,10
1621588876039,1621588876049,10
1621588876189,1621588876339,150
1621588876588,1621588876638,50
1621588876738,1621588876768,30
1621588876878,1621588876888,10
1621588877038,1621588877068,30
1621588877188,1621588877198,10
1621588877288,1621588877298,10
1621588877568,1621588877658,90
1621588878137,1621588878147,10
1621588878227,1621588878237,10
1621588878507,1621588878537,30
1621588878637,1621588878687,50
1621588878957,1621588878967,10
1621588879097,1621588879107,10
1621588879217,1621588879407,190
1621588879527,1621588879557,30
1621588879676,1621588879686,10
1621588879806,1621588879836,30
1621588879956,1621588879966,10
1621588880046,1621588880116,70
1621588880246,1621588880256,10
1621588880456,1621588880536,80
1621588880656,1621588880686,30
1621588880926,1621588880936,10
1621588881186,1621588881266,80
1621588881375,1621588881385,10
1621588881505,1621588881535,30
1621588881655,1621588881665,10
1621588881805,1621588881815,10
1621588881945,1621588881955,10
1621588882075,1621588882085,10
1621588882375,1621588882385,10
1621588882505,1621588882535,30
1621588882635,1621588882665,30
1621588882765,1621588882855,90
1621588882954,1621588883064,110
1621588883204,1621588883214,10
1621588883324,1621588883364,40
1621588883624,1621588883634,10
1621588883754,1621588883764,10
1621588883874,1621588883904,30
1621588884134,1621588884164,30
1621588884274,1621588884304,30
1621588884544,1621588884573,29
1621588884823,1621588884853,30
1621588885043,1621588885123,80
1621588885513,1621588885523,10
1621588885673,1621588885823,150
1621588886063,1621588886073,10
1621588886212,1621588886222,10
1621588886322,1621588886332,10
1621588886472,1621588886502,30
1621588887042,1621588887052,10
1621588887202,1621588887232,30
1621588887472,1621588887502,30
1621588887791,1621588887801,10
1621588887891,1621588887921,30
1621588888041,1621588888151,110
1621588888291,1621588888321,30
1621588888461,1621588888471,10
1621588888681,1621588888731,50
1621588888841,1621588888871,30
1621588889041,1621588889131,90
1621588889391,1621588889450,59
1621588889660,1621588889700,40
1621588889810,1621588889820,10
1621588889940,1621588889950,10
1621588890160,1621588890220,60
1621588890340,1621588890350,10
1621588890430,1621588890500,70
1621588890630,1621588890640,10
1621588890900,1621588891019,119
1621588891409,1621588891469,60
1621588891589,1621588891599,10
1621588891679,1621588891749,70
1621588892009,1621588892039,30
1621588892139,1621588892169,30
1621588892359,1621588892469,110
1621588892629,1621588892639,10
1621588892758,1621588892768,10
1621588892888,1621588892898,10
1621588893058,1621588893068,10
1621588893168,1621588893218,50
1621588893418,1621588893468,50
1621588893738,1621588893748,10
1621588893878,1621588893888,10
1621588893988,1621588894018,30
1621588894158,1621588894168,10
1621588894417,1621588894447,30
1621588894657,1621588894737,80
1621588894877,1621588894887,10
1621588895007,1621588895047,40
1621588895137,1621588895147,10
1621588895407,1621588895417,10
1621588895557,1621588895567,10
1621588896146,1621588896156,10
1621588896256,1621588896266,10
1621588896406,1621588896416,10
1621588896546,1621588896556,10
1621588896676,1621588896796,120
1621588896956,1621588896966,10
1621588897096,1621588897106,10
1621588897246,1621588897256,10
1621588897356,1621588897386,30
1621588897635,1621588897685,50
1621588898055,1621588898065,10
1621588898165,1621588898365,200
1621588898485,1621588898515,30
1621588898625,1621588898655,30
1621588898755,1621588898785,30
1621588899025,1621588899035,10
1621588899125,1621588899135,10
1621588899214,1621588899324,110
1621588899454,1621588899504,50
1621588899594,1621588899784,190
1621588899904,1621588899914,10
1621588900054,1621588900104,50
1621588900214,1621588900234,20
1621588900354,1621588900414,60
1621588900494,1621588900664,170
1621588900754,1621588900803,49
1621588900923,1621588900933,10
1621588901053,1621588901083,30
1621588901203,1621588901213,10
1621588901493,1621588901523,30
1621588901793,1621588901973,180
1621588902143,1621588902253,110
1621588902393,1621588902532,139
1621588902772,1621588902782,10
1621588903042,1621588903072,30
1621588903322,1621588903372,50
1621588903502,1621588903532,30
1621588903652,1621588903792,140
1621588903922,1621588903932,10
1621588904051,1621588904081,30
1621588904191,1621588904201,10
1621588904321,1621588904501,180
1621588904741,1621588904751,10
1621588904891,1621588905051,160
1621588905171,1621588905301,130
1621588905421,1621588905481,60
1621588905561,1621588905571,10
1621588905690,1621588905700,10
1621588905820,1621588905850,30
1621588905970,1621588905980,10
1621588906080,1621588906270,190
1621588906370,1621588906830,460
1621588906950,1621588906980,30
1621588907090,1621588907100,10
1621588907240,1621588907250,10
1621588907389,1621588907399,10
1621588907519,1621588907579,60
1621588907779,1621588907819,40
1621588907919,1621588907949,30
1621588908079,1621588908269,190
1621588908379,1621588908499,120
1621588908629,1621588908639,10
1621588908779,1621588908928,149
1621588909038,1621588909048,10
1621588909138,1621588909188,50
1621588909298,1621588909318,20
1621588909418,1621588909448,30
1621588909558,1621588909588,30
1621588909708,1621588909738,30
1621588909858,1621588909888,30
1621588910018,1621588910048,30
1621588910158,1621588910168,10
1621588910288,1621588910298,10
1621588910438,1621588910448,10
1621588910567,1621588910597,30
1621588910737,1621588910767,30
1621588910997,1621588911057,60
1621588911177,1621588911187,10
1621588911287,1621588911297,10
1621588911407,1621588911467,60
1621588911587,1621588911597,10
1621588911737,1621588911747,10
1621588911887,1621588911897,10
1621588912007,1621588912017,10
1621588912156,1621588912166,10
1621588912406,1621588912436,30
1621588912556,1621588912756,200
1621588913006,1621588913056,50
1621588913176,1621588913186,10
1621588913476,1621588913486,10
1621588913755,1621588913815,60
1621588913905,1621588913955,50
1621588914175,1621588914395,220
1621588914485,1621588914535,50
1621588914645,1621588914655,10
1621588914795,1621588914805,10
1621588915055,1621588915095,40
1621588915305,1621588915315,10
1621588915474,1621588915514,40
1621588915594,1621588915604,10
1621588915694,1621588915794,100
1621588915954,1621588916064,110
1621588916334,1621588916364,30
1621588916504,1621588916534,30
1621588916774,1621588916784,10
1621588916904,1621588916914,10
1621588917093,1621588917103,10
1621588917183,1621588917213,30
1621588917333,1621588917533,200
1621588917653,1621588917683,30
1621588917803,1621588917813,10
1621588917953,1621588917963,10
1621588918253,1621588918263,10
1621588918373,1621588918403,30
1621588918493,1621588918523,30
1621588918672,1621588918702,30
1621588918792,1621588918822,30
1621588918942,1621588919122,180
1621588919242,1621588919252,10
1621588919372,1621588919382,10
1621588919472,1621588919542,70
1621588919622,1621588919672,50
1621588919812,1621588919822,10
1621588920062,1621588920072,10
1621588920212,1621588920222,10
1621588920321,1621588920351,30
1621588920571,1621588920601,30
1621588920691,1621588920801,110
1621588920891,1621588920901,10
1621588921161,1621588921171,10
1621588921421,1621588921451,30
1621588921591,1621588921601,10
1621588921701,1621588921751,50
1621588921970,1621588922000,30
1621588922080,1621588922150,70
1621588922250,1621588922280,30
1621588922530,1621588922630,100
1621588922810,1621588922910,100
1621588923020,1621588923100,80
1621588923220,1621588923270,50
1621588923469,1621588923699,230
1621588923779,1621588923939,160
1621588924079,1621588924089,10
1621588924209,1621588924239,30
1621588924359,1621588924369,10
1621588924509,1621588924539,30
1621588924709,1621588924819,110
1621588924929,1621588924939,10
1621588925129,1621588925218,89
1621588925588,1621588925618,30
1621588925908,1621588925918,10
1621588926058,1621588926068,10
1621588926168,1621588926218,50
1621588926308,1621588926338,30
1621588926458,1621588926498,40
1621588926578,1621588926747,169
1621588926877,1621588926887,10
1621588926997,1621588927047,50
1621588927157,1621588927167,10
1621588927417,1621588927447,30
1621588927657,1621588927737,80
1621588927857,1621588927867,10
1621588927947,1621588928187,240
1621588928267,1621588928297,30
1621588928406,1621588928446,40
1621588928536,1621588928586,50
1621588928686,1621588928766,80
1621588928946,1621588929096,150
1621588929216,1621588929246,30
1621588929376,1621588929386,10
1621588929486,1621588929516,30
1621588929656,1621588929686,30
1621588929786,1621588929936,150
1621588931005,1621588931035,30
1621588931215,1621588931305,90
1621588931445,1621588931465,20
1621588931555,1621588931834,279
1621588931944,1621588932034,90
1621588932204,1621588932254,50
1621588932354,1621588932364,10
1621588932454,1621588932534,80
1621588932774,1621588932804,30
1621588933074,1621588933114,40
1621588933393,1621588933663,270
1621588933753,1621588933763,10
1621588933863,1621588933913,50
1621588934123,1621588934483,360
1621588934573,1621588934763,190
1621588935042,1621588935202,160
1621588935312,1621588935322,10
1621588935422,1621588935452,30
1621588935572,1621588935582,10
1621588935712,1621588935722,10
1621588935822,1621588935832,10
1621588935972,1621588935982,10
1621588936102,1621588936182,80
1621588936372,1621588936402,30
1621588936531,1621588936681,150
1621588936791,1621588936821,30
1621588936941,1621588936951,10
1621588937041,1621588937101,60
1621588937251,1621588937351,100
1621588937451,1621588937481,30
1621588937621,1621588937751,130
1621588937971,1621588938200,229
1621588938290,1621588938300,10
1621588938980,1621588939000,20
1621588939120,1621588939130,10
1621588939390,1621588939400,10
1621588939530,1621588939680,150
1621588939769,1621588939779,10
1621588939919,1621588939929,10
1621588940059,1621588940069,10
1621588940169,1621588940179,10
1621588940419,1621588940469,50
1621588940839,1621588941019,180
1621588941129,1621588941139,10
1621588941239,1621588941249,10
1621588941368,1621588941468,100
1621588941588,1621588941628,40
1621588941818,1621588941918,100
1621588942128,1621588942138,10
1621588942408,1621588942438,30
1621588942558,1621588942738,180
1621588942818,1621588942858,40
1621588943037,1621588943137,100
1621588943257,1621588943317,60
1621588943407,1621588943417,10
1621588943537,1621588943547,10
1621588943687,1621588943697,10
1621588943867,1621588943997,130
1621588944217,1621588944247,30
1621588944427,1621588944796,369
1621588944926,1621588944936,10
1621588945056,1621588945366,310
1621588945586,1621588945596,10
1621588945676,1621588945786,110
1621588945986,1621588945996,10
1621588946106,1621588946126,20
1621588946255,1621588946265,10
1621588946405,1621588946415,10
1621588946525,1621588946535,10
1621588946795,1621588946805,10
1621588946895,1621588946935,40
1621588947055,1621588947085,30
1621588947165,1621588947235,70
1621588947395,1621588947504,109
1621588947605,1621588947675,70
1621588947775,1621588947815,40
1621588947904,1621588947914,10
1621588948034,1621588948094,60
1621588948174,1621588948214,40
1621588948304,1621588948314,10
1621588948454,1621588948464,10
1621588948574,1621588948584,10
1621588948704,1621588948884,180
1621588949004,1621588949014,10
1621588949124,1621588949154,30
1621588949424,1621588949453,29
1621588949573,1621588949603,30
1621588949843,1621588949853,10
1621588949933,1621588950263,330
1621588950373,1621588950513,140
1621588950653,1621588950663,10
1621588950793,1621588950803,10
1621588950923,1621588951052,129
1621588951302,1621588951332,30
1621588951452,1621588951462,10
1621588951602,1621588951612,10
1621588951692,1621588951732,40
1621588951852,1621588952012,160
1621588952292,1621588952731,439
1621588952861,1621588952871,10
1621588952971,1621588953021,50
1621588953141,1621588953191,50
1621588953271,1621588953301,30
1621588953411,1621588953421,10
1621588953541,1621588953571,30
1621588953691,1621588953701,10
1621588953971,1621588953981,10
1621588954091,1621588954101,10
1621588954221,1621588954251,30
1621588954370,1621588954400,30
1621588954650,1621588954700,50
1621588954940,1621588954970,30
1621588955110,1621588955120,10
1621588955370,1621588955420,50
1621588955520,1621588955530,10
1621588955909,1621588956229,320
1621588956469,1621588956499,30
1621588957269,1621588957529,260
1621588959287,1621588959337,50
1621588959727,1621588959737,10
1621588959877,1621588960017,140
1621588960127,1621588960137,10
1621588960367,1621588960417,50
1621588960607,1621588960737,130
1621588960986,1621588961016,30
1621588961246,1621588961296,50
1621588961556,1621588961566,10
1621588961686,1621588961696,10
1621588961806,1621588961966,160
1621588962086,1621588962096,10
1621588962236,1621588962336,100
1621588962425,1621588962435,10
1621588962535,1621588962695,160
1621588962825,1621588962945,120
1621588963065,1621588963095,30
1621588963205,1621588963385,180
1621588963465,1621588963705,240
1621588963795,1621588963805,10
1621588963925,1621588964104,179
1621588964204,1621588964274,70
1621588964374,1621588964384,10
1621588964484,1621588964594,110
1621588964774,1621588964784,10
1621588964904,1621588964914,10
1621588965094,1621588965104,10
1621588965184,1621588965464,280
1621588966173,1621588966183,10
1621588966303,1621588966313,10
1621588966443,1621588966453,10
1621588966673,1621588966783,110
1621588966983,1621588967063,80
1621588967173,1621588967183,10
1621588967302,1621588967312,10
1621588967442,1621588967452,10
1621588967592,1621588967882,290
1621588968082,1621588968202,120
1621588968822,1621588968921,99
1621588969391,1621588969421,30
1621588969521,1621588969531,10
1621588969661,1621588969701,40
1621588969821,1621588969841,20
1621588969921,1621588969951,30
1621588970071,1621588970121,50
1621588970201,1621588970231,30
1621588970341,1621588970501,160
1621588970600,1621588970650,50
1621588970880,1621588970940,60
1621588971170,1621588971200,30
1621588971290,1621588971330,40
1621588971420,1621588971480,60
1621588971570,1621588971600,30
1621588971680,1621588971750,70
1621588971860,1621588972349,489
1621588972429,1621588972469,40
1621588972679,1621588972979,300
1621588973099,1621588973129,30
1621588973289,1621588973399,110
1621588973539,1621588973609,70
1621588973808,1621588973818,10
1621588973938,1621588973948,10
1621588974068,1621588974098,30
1621588974218,1621588974248,30
1621588974348,1621588974518,170
1621588974648,1621588974701,53
1621588974958,1621588975397,439
1621588975687,1621588975697,10
1621588975937,1621588976097,160
1621588976197,1621588976237,40
1621588976337,1621588976377,40
1621588976487,1621588976497,10
1621588976607,1621588976637,30
1621588976777,1621588976787,10
1621588976887,1621588977066,179
1621588977186,1621588977236,50
1621588977316,1621588977666,350
1621588977916,1621588977946,30
1621588978056,1621588978066,10
1621588978256,1621588978266,10
1621588978486,1621588978516,30
1621588978755,1621588978785,30
1621588979015,1621588979095,80
1621588979175,1621588979185,10
1621588979305,1621588979335,30
1621588979485,1621588979495,10
1621588979585,1621588979595,10
1621588979935,1621588980025,90
1621588980155,1621588980344,189
1621588980554,1621588980714,160
1621588980854,1621588980874,20
1621588980974,1621588980984,10
1621588981254,1621588981264,10
1621588981404,1621588981414,10
1621588981544,1621588981554,10
1621588981684,1621588981734,50
1621588981923,1621588982113,190
1621588982233,1621588982263,30
1621588982543,1621588982553,10
1621588982773,1621588982953,180
1621588983073,1621588983532,459
1621588984752,1621588984782,30
1621588985052,1621588985181,129
1621588985281,1621588985331,50
1621588985571,1621588985601,30
1621588985891,1621588985901,10
1621588985991,1621588986001,10
1621588986191,1621588986301,110
1621588986551,1621588986661,110
1621588986750,1621588986840,90
1621588987090,1621588987120,30
1621588987260,1621588987270,10
1621588987410,1621588987420,10
1621588987510,1621588987600,90
1621588987710,1621588987801,91
1621588987940,1621588988080,140
1621588988220,1621588988230,10
1621588988349,1621588988399,50
1621588988519,1621588988529,10
1621588988649,1621588988789,140
1621588988939,1621588988969,30
1621588989169,1621588989279,110
1621588989409,1621588989419,10
1621588989499,1621588989529,30
1621588989789,1621588989819,30
1621588990088,1621588990118,30
1621588990218,1621588990248,30
1621588990328,1621588990408,80
1621588990518,1621588990528,10
1621588990708,1621588990828,120
1621588991138,1621588991228,90
1621588991508,1621588991518,10
1621588991757,1621588991787,30
1621588991907,1621588991937,30
1621588992127,1621588992217,90
1621588992337,1621588992347,10
1621588992477,1621588992627,150
1621588992777,1621588992787,10
1621588993017,1621588993047,30
1621588993306,1621588993336,30
1621588993606,1621588993616,10
1621588993716,1621588993746,30
1621588993836,1621588993866,30
1621588994086,1621588994186,100
1621588994306,1621588994316,10
1621588994426,1621588994566,140
1621588994726,1621588994736,10
1621588995035,1621588995265,230
1621588995505,1621588995535,30
1621588995685,1621588995695,10
1621588995785,1621588995795,10
1621588995985,1621588996065,80
1621588996155,1621588996195,40
1621588996335,1621588996345,10
1621588996464,1621588996494,30
1621588996734,1621588996764,30
1621588996874,1621588996884,10
1621588997084,1621588997184,100
1621588997274,1621588997364,90
1621588997444,1621588997454,10
1621588997574,1621588997584,10
1621588997744,1621588997754,10
1621588997854,1621588997864,10
1621588998143,1621588998153,10
1621588998263,1621588998313,50
1621588998443,1621588998453,10
1621588999672,1621588999702,30
1621588999802,1621588999812,10
1621589000032,1621589000152,120
1621589000252,1621589000262,10
1621589000392,1621589000402,10
1621589000602,1621589000742,140
1621589000922,1621589000952,30
1621589001092,1621589001102,10
1621589001212,1621589001281,69
1621589001371,1621589001381,10
1621589001651,1621589001661,10
1621589001921,1621589001931,10
1621589002051,1621589002081,30
1621589002171,1621589002231,60
1621589002491,1621589002761,270
1621589003020,1621589003050,30
1621589003160,1621589003170,10
1621589003290,1621589003300,10
1621589003980,1621589004130,150
1621589004220,1621589004280,60
1621589004410,1621589004420,10
1621589004539,1621589004549,10
1621589004689,1621589004719,30
1621589004839,1621589004849,10
1621589004969,1621589005119,150
1621589005219,1621589005269,50
1621589005369,1621589005379,10
1621589005509,1621589005519,10
1621589005669,1621589005779,110
1621589005909,1621589005919,10
1621589006029,1621589006079,50
1621589006318,1621589006328,10
1621589006448,1621589006478,30
1621589006718,1621589006778,60
1621589006978,1621589007068,90
1621589007188,1621589007218,30
1621589007318,1621589007328,10
1621589007438,1621589007468,30
1621589007718,1621589007728,10
1621589007857,1621589007867,10
1621589007987,1621589008017,30
1621589008127,1621589008297,170
1621589008417,1621589008427,10
1621589008697,1621589008747,50
1621589009007,1621589009017,10
1621589009137,1621589009167,30
1621589009287,1621589009456,169
1621589009556,1621589009566,10
1621589009836,1621589009896,60
1621589010066,1621589010116,50
1621589010276,1621589010286,10
1621589010386,1621589010416,30
1621589010506,1621589010536,30
1621589010656,1621589010666,10
1621589010806,1621589010816,10
1621589010936,1621589010986,50
1621589011105,1621589011135,30
1621589011225,1621589011235,10
1621589011385,1621589011395,10
1621589011535,1621589011545,10
1621589011675,1621589011735,60
1621589011835,1621589011915,80
1621589012055,1621589012065,10
1621589012185,1621589012195,10
1621589012345,1621589012595,250
1621589013834,1621589013844,10
1621589013964,1621589013999,35
1621589014124,1621589014134,10
1621589014224,1621589014323,99
1621589014443,1621589014553,110
1621589014663,1621589014713,50
1621589014803,1621589014813,10
1621589014953,1621589014983,30
1621589015073,1621589015443,370
1621589015523,1621589015663,140
1621589015753,1621589015962,209
1621589016052,1621589016352,300
1621589016592,1621589016602,10
1621589016722,1621589016732,10
1621589016852,1621589016862,10
1621589016982,1621589017152,170
1621589017292,1621589017302,10
1621589017551,1621589017581,30
1621589018931,1621589018981,50
1621589019100,1621589019110,10
1621589019200,1621589019280,80
1621589019470,1621589019500,30
1621589019620,1621589019630,10
1621589019750,1621589019780,30
