timestamp,x,y,duration
1622113724320,892,230,70
1622113724400,905,255,160
1622113724880,1104,397,90
1622113725250,1136,366,60
1622113725459,1114,557,150
1622113726919,1114,488,120
1622113728108,1079,403,410
1622113728618,1112,328,99
1622113729147,1000,324,70
1622113729727,1032,279,60
1622113730926,1205,359,100
1622113731066,1241,343,150
1622113731276,1218,290,60
1622113731446,1198,322,70
1622113731906,958,362,99
1622113732035,964,415,150
1622113732235,972,445,110
1622113732895,753,360,150
1622113733065,768,373,60
1622113733185,788,376,260
1622113733525,711,304,369
1622113733944,747,310,120
1622113734074,745,325,530
1622113734744,910,508,60
1622113734874,894,484,70
1622113735303,724,453,80
1622113735753,628,183,230
1622113736253,618,218,240
1622113736603,794,402,60
1622113736842,757,395,99
1622113737422,562,189,400
1622113738012,790,332,70
1622113738152,787,306,230
1622113738481,780,310,60
1622113738871,1302,180,60
1622113739351,1048,101,80
1622113739461,1073,56,300
1622113740180,1097,99,80
1622113740470,1083,148,90
1622113740830,380,509,80
1622113741110,1064,179,80
1622113742139,957,398,70
1622113743638,1237,94,90
1622113744038,997,202,60
1622113744468,955,167,110
1622113744848,967,192,219
1622113745417,1002,185,60
1622113746327,972,424,80
1622113746417,953,401,249
1622113746686,919,399,60
1622113746756,906,385,130
1622113746956,886,362,70
1622113747046,874,342,260
1622113747316,880,351,200
1622113747636,1146,374,270
1622113748275,1224,185,100
1622113748595,995,576,190
1622113749075,1107,382,80
1622113749365,952,640,230
1622113749874,895,313,70
1622113750204,1121,255,180
1622113750414,1103,317,250
1622113751154,1222,504,250
1622113751853,1062,524,90
1622113752673,533,510,80
1622113753682,886,419,80
1622113753852,815,405,170
1622113754112,732,454,60
1622113756430,1094,403,120
1622113756830,824,263,100
1622113757010,1102,470,130
1622113758779,807,383,250
1622113759499,869,103,189
1622113760628,1230,77,200
1622113760848,1196,79,100
1622113760998,1164,186,160
1622113762087,678,360,90
1622113762377,740,557,60
1622113762647,1011,504,200
1622113763216,1250,390,80
1622113764386,839,507,139
1622113765565,962,268,60
1622113765755,874,261,70
1622113765925,910,345,80
1622113766025,818,270,179
1622113766724,1321,585,70
1622113767204,1371,488,60
1622113767294,1383,513,230
1622113768273,819,190,90
1622113768393,840,196,70
1622113768553,839,219,240
1622113775239,1344,323,230
1622113775629,1300,372,180
1622113775968,1300,507,70
1622113776058,1306,547,100
1622113776178,1290,535,160
1622113777957,96,142,120
1622113778257,432,336,130
1622113778647,1264,505,110
1622113778917,1182,575,100
1622113779077,1191,633,109
1622113779816,970,578,300
1622113780136,920,542,190
1622113780366,985,488,80
1622113781225,1197,458,130
1622113781375,1222,459,130
1622113781555,1269,486,90
1622113782185,1077,673,130
1622113782375,841,669,79
1622113782494,849,630,90
1622113782914,940,538,130
1622113783164,1139,488,130
1622113783514,945,641,80
1622113783634,1020,537,100
1622113783814,892,357,110
1622113783984,831,364,109
1622113784203,1090,267,160
1622113784463,902,449,70
1622113784593,969,470,70
1622113785433,1213,328,100
1622113785583,1319,271,159
1622113785762,1275,236,110
1622113786312,1407,455,80
1622113786812,629,453,130
1622113787771,819,306,60
1622113787971,903,422,130
1622113788141,856,386,140
1622113788291,876,415,80
1622113788431,802,428,60
1622113788521,833,482,60
1622113788671,871,559,170
1622113788861,876,540,109
1622113789150,826,439,90
1622113789390,794,454,70
1622113789830,699,545,130
1622113790330,1237,448,100
1622113793088,931,310,190
1622113793498,935,369,260
1622113793857,1229,502,110
1622113793977,1205,503,150
1622113794187,1112,512,160
1622113794527,563,325,70
1622113794917,1066,610,60
1622113795387,1044,515,69
1622113795686,1079,476,80
1622113795936,988,1065,60
1622113796366,902,690,70
1622113796456,922,656,100
1622113797315,146,509,70
1622113797425,105,516,100
1622113798115,658,519,80
1622113799164,1012,705,60
1622113799564,1199,302,70
1622113800264,839,395,89
1622113800493,1169,483,160
1622113800673,1137,466,60
1622113800753,1133,483,240
1622113801063,1091,468,80
1622113802562,714,591,100
1622113802982,547,664,130
1622113803801,1385,334,90
1622113803951,1363,291,90
1622113805111,1106,694,239
1622113805370,1084,703,60
1622113805660,955,827,70
1622113805800,862,829,160
1622113805970,794,850,370
1622113806400,768,917,70
1622113806630,701,704,60
1622113807989,758,790,70
1622113808069,793,753,379
1622113808518,904,680,210
1622113808888,969,791,80
1622113809898,1161,385,100
1622113810038,1201,352,79
1622113811027,909,723,160
1622113811207,938,662,120
1622113811667,1045,558,119
1622113811846,1154,541,70
1622113812006,1012,616,150
1622113812426,920,945,80
1622113812556,907,913,80
1622113812696,917,899,80
1622113812866,850,862,130
1622113813156,888,554,60
1622113813335,910,638,120
1622113813545,921,558,70
1622113814125,974,893,170
1622113814325,925,917,100
1622113814885,927,508,209
1622113815154,1123,547,80
1622113816534,933,1063,99
1622113817053,898,450,70
1622113817133,883,445,90
1622113817383,1078,461,160
1622113817773,912,519,70
1622113817973,941,1076,140
1622113818792,1098,777,120
1622113818962,856,813,100
1622113819072,866,778,120
1622113819222,885,748,110
1622113819352,886,718,300
1622113820411,1274,373,60
1622113820561,1226,346,60
1622113820631,1218,330,180
1622113820891,1226,338,120
1622113821500,901,757,120
1622113822160,1129,634,60
1622113823020,897,479,99
1622113823339,1031,876,60
1622113823529,1006,867,70
1622113823619,1014,830,100
1622113824099,989,153,70
1622113825608,760,416,70
1622113826278,1031,942,69
1622113826517,1030,811,140
1622113826887,886,606,80
1622113827127,1050,898,70
1622113827707,846,742,100
1622113828086,1234,738,110
1622113828336,1109,725,120
1622113828496,1142,686,140
1622113828946,1004,777,90
1622113829366,1150,1012,110
1622113830175,986,767,70
1622113830345,936,395,90
1622113830535,992,844,140
1622113830685,1007,856,70
1622113831874,1096,954,150
1622113832284,1078,1003,90
1622113833673,963,1004,70
1622113834133,1068,101,60
1622113834562,1102,407,450
1622113835062,1252,425,230
1622113836141,1042,790,140
1622113836301,1014,748,390
1622113837980,992,569,140
1622113838270,893,712,80
1622113838450,753,606,160
1622113838630,746,539,100
1622113839729,1034,489,60
1622113840569,1040,907,200
1622113840879,1088,734,449
1622113842448,1029,923,60
1622113842607,1045,820,100
1622113844117,1126,252,209
1622113844356,1178,246,210
1622113844676,1162,280,130
1622113846975,809,462,90
1622113847155,747,670,90
1622113849343,972,142,60
1622113849413,982,165,160
1622113849923,1196,401,60
1622113850073,1127,427,200
1622113850403,841,365,90
1622113850563,839,348,479
1622113852212,967,843,129
1622113852401,1119,707,90
1622113854190,1030,412,60
1622113855929,1079,812,210
1622113856259,849,592,70
1622113856609,813,788,370
1622113856989,831,753,60
1622113857069,828,767,90
1622113857328,1098,851,100
1622113857888,990,250,60
1622113858837,890,907,300
1622113859927,1174,468,80
1622113861066,888,277,110
1622113861946,926,967,239
1622113862205,908,927,160
1622113862375,927,937,200
1622113862585,926,915,80
1622113862925,955,982,70
1622113863315,955,890,180
1622113863505,946,879,130
1622113863734,959,879,260
1622113864104,1020,856,110
1622113864324,1145,850,70
1622113866763,761,159,60
1622113866992,741,66,160
1622113867452,740,471,110
1622113869011,838,670,110
1622113869741,1104,727,60
1622113870890,1196,567,90
1622113872379,1098,432,60
1622113872449,1081,411,120
1622113873259,615,587,60
1622113874168,1035,486,160
1622113875107,788,632,120
1622113875507,982,406,250
1622113876267,810,746,90
1622113876397,822,809,130
1622113878166,923,668,169
1622113878365,951,636,70
1622113878655,1117,600,60
1622113878725,1138,554,220
1622113878965,1188,516,120
1622113879115,1244,461,270
1622113880064,609,831,170
1622113883202,785,595,80
1622113883602,779,759,70
1622113883702,808,816,160
1622113884192,783,842,80
1622113884292,809,849,90
1622113884442,643,891,60
1622113884841,1117,620,120
1622113885401,955,767,60
1622113885481,908,789,290
1622113885801,830,839,570
1622113886630,1428,535,60
1622113887520,1047,559,150
1622113888289,1022,862,60
1622113889359,1004,683,150
1622113889639,1100,738,169
1622113890878,839,880,70
1622113890968,858,915,160
1622113891138,837,940,80
1622113891228,802,955,329
1622113892327,1097,743,220
1622113892637,1018,711,60
1622113893596,1039,841,210
1622113893886,1039,926,120
1622113895175,1002,723,410
1622113895805,987,733,260
1622113896784,858,928,160
1622113897034,1038,825,60
1622113897124,1024,791,320
1622113897464,961,817,210
1622113898783,909,846,90
1622113898943,1027,827,60
1622113899033,981,818,70
1622113900272,1018,645,360
1622113900682,1003,598,290
1622113900992,976,644,89
1622113901171,948,721,250
1622113901461,1007,761,140
1622113901691,1025,651,100
1622113904180,1033,690,69
1622113904259,1003,718,280
1622113904569,1048,726,60
1622113904649,1067,714,140
1622113904809,1068,754,310
1622113907867,1077,708,130
1622113908147,952,708,860
1622113909746,690,930,60
1622113910376,1263,733,80
1622113910476,1254,694,70
1622113910576,1250,648,60
1622113910656,1256,617,80
1622113910775,1281,586,70
1622113912125,879,937,70
1622113912354,981,885,60
1622113912524,890,857,190
1622113912744,838,895,70
1622113912844,824,831,130
1622113912994,834,770,310
1622113913884,935,737,209
1622113914773,771,835,70
1622113914863,807,812,90
1622113915293,1136,637,100
1622113915553,1067,733,79
1622113915642,1066,716,100
1622113915792,970,690,120
1622113915962,834,573,150
1622113916192,884,525,70
1622113917321,1058,917,170
1622113917521,1054,883,120
1622113917721,1048,819,60
1622113917811,1029,724,320
1622113918221,1082,730,60
1622113918371,1082,739,100
1622113918980,1125,672,90
1622113919130,1135,608,170
1622113919310,1161,601,60
1622113919380,1200,604,160
1622113919660,1243,485,340
1622113920569,1147,827,380
1622113921389,891,789,190
1622113922278,967,387,60
1622113924907,1299,846,70
1622113924987,1259,835,80
1622113925137,1205,762,259
1622113925446,1237,916,100
1622113927805,529,516,120
1622113928075,569,659,140
1622113929254,921,581,200
1622113929484,887,558,70
1622113929834,1042,942,110
1622113929974,1005,868,150
1622113930134,1024,868,269
1622113930523,888,598,130
1622113930683,903,562,130
1622113930843,860,615,360
1622113931213,859,639,100
1622113931343,883,687,250
1622113931822,983,654,210
1622113932192,803,809,80
1622113932572,1037,789,110
1622113932722,1075,708,380
1622113933222,1079,773,180
1622113933441,1062,781,149
1622113933611,1090,733,200
1622113933821,1117,718,140
1622113934071,1011,736,230
1622113934361,1042,740,150
1622113934551,956,797,280
1622113934841,910,806,339
1622113935200,898,746,210
1622113935630,844,688,380
1622113936040,871,672,340
1622113936410,798,697,220
1622113936799,866,614,260
1622113937099,869,704,260
1622113937579,1001,752,60
1622113938428,660,760,160
1622113940207,1069,790,400
1622113940837,1017,720,100
1622113941357,922,282,130
1622113941786,1093,687,90
1622113941916,1058,871,150
1622113942186,1028,876,90
1622113942466,1063,466,170
1622113942746,877,522,140
1622113943165,1053,673,270
1622113943475,1177,623,140
1622113944535,1098,490,70
1622113944914,962,890,260
1622113945344,1038,835,120
1622113945484,1048,841,140
1622113945644,1085,804,270
1622113945954,1102,791,749
1622113946773,1111,696,480
1622113947283,1059,687,240
1622113947553,1044,726,150
1622113947883,1143,797,60
1622113947963,1170,766,69
1622113948052,1165,718,440
1622113948532,1129,638,170
1622113948782,1152,728,200
1622113948992,1151,695,590
1622113949612,1173,615,329
1622113949951,1184,570,270
1622113950261,1141,519,120
1622113950401,1122,565,60
1622113950751,1081,720,60
1622113950871,1014,720,290
1622113952470,957,198,60
1622113953569,1307,694,160
1622113953909,1004,706,280
1622113954259,1050,489,230
1622113954678,1338,639,100
1622113955128,1066,863,190
1622113955338,1090,809,210
1622113955578,1070,766,719
1622113956547,1130,713,80
1622113956677,1170,666,200
1622113956897,1190,645,310
1622113957237,1198,542,509
1622113958826,1064,593,170
1622113959455,1053,458,70
1622113959675,1050,611,180
1622113959945,1086,758,250
1622113960565,1144,792,180
1622113960755,1167,684,649
1622113961444,1203,575,390
1622113962064,1172,654,100
1622113962174,1177,669,60
1622113962274,1159,739,110
1622113962623,1273,590,900
1622113963593,1275,464,250
1622113963883,1202,502,120
1622113964073,1238,495,90
1622113964482,1158,554,130
1622113964632,1198,557,160
1622113965402,1152,934,110
1622113965722,626,338,80
1622113966211,910,258,60
1622113966921,519,541,70
1622113967321,414,316,60
1622113967590,326,395,130
1622113968480,1239,533,60
1622113968650,1162,628,190
1622113968930,1284,70,70
1622113969169,1276,134,210
1622113969689,1003,893,70
1622113969809,992,923,70
1622113969909,1001,869,250
1622113970259,1097,825,410
1622113970728,1181,771,150
1622113970918,1107,774,160
1622113971148,1112,629,200
1622113971538,1124,639,560
1622113972208,1067,656,60
1622113973497,1143,909,60
1622113973587,1131,828,130
1622113973727,1106,759,779
1622113974586,1082,625,300
1622113974956,982,714,370
1622113975366,1046,616,469
1622113975875,1021,528,170
1622113976245,782,508,120
1622113976405,849,630,120
1622113976575,956,695,100
1622113977095,903,230,80
1622113977274,1212,457,70
1622113977464,1111,592,140
1622113977664,970,894,150
1622113977854,983,839,150
1622113978024,972,856,80
1622113978594,898,255,269
1622113978933,1120,611,260
1622113979273,1340,884,70
1622113979353,1318,869,70
1622113979713,1096,768,90
1622113979813,1096,734,80
1622113979983,1173,698,120
1622113980163,948,807,399
1622113980682,958,369,470
1622113981182,1001,424,190
1622113981582,1051,934,70
1622113981882,1099,802,269
1622113982191,1053,782,240
1622113982501,1036,659,240
1622113982771,1065,651,150
1622113983071,1052,577,160
1622113983381,958,362,70
1622113985100,731,418,60
1622113985240,688,202,209
1622113985669,510,262,70
1622113987498,979,454,90
1622113987778,1056,864,300
1622113989547,1179,167,170
1622113989727,1159,180,60
1622113990296,1229,869,160
1622113990536,1053,935,70
1622113990766,1065,825,110
1622113990996,1078,736,380
1622113991596,480,442,90
1622113991815,788,631,120
1622113992005,775,729,130
1622113992275,649,732,260
1622113992735,1168,663,320
1622113993085,1179,628,170
1622113993544,997,83,60
1622113993774,932,336,120
1622113994524,513,560,110
1622113995983,1156,627,210
1622113996213,1138,637,629
1622113997522,1193,350,60
1622113997642,1200,390,100
1622113998641,1226,649,130
1622113998831,1341,550,70
1622113999271,1231,550,140
1622113999461,1137,745,240
1622113999721,1167,737,100
1622113999920,1184,732,90
1622114000040,1216,687,110
1622114000670,1197,711,80
1622114001889,937,677,70
1622114001989,955,621,170
1622114003069,1259,709,79
1622114003358,1269,630,70
1622114003678,1349,605,150
1622114003838,1358,586,70
1622114004038,1345,496,100
1622114004158,1329,460,789
1622114004957,1383,437,170
1622114005647,1285,419,60
1622114005737,1248,412,90
1622114006866,1383,775,60
1622114006976,1340,726,70
1622114007056,1317,708,70
1622114007476,864,312,110
1622114007696,929,167,80
1622114008905,1184,863,140
1622114009105,1147,808,220
1622114009495,1037,273,89
1622114009894,961,65,60
1622114010044,911,112,60
1622114010174,864,114,80
1622114010364,1315,250,170
1622114010734,1266,394,60
1622114010974,1179,514,160
1622114011233,1204,517,720
1622114012163,803,486,100
1622114012453,1046,1036,60
1622114012753,865,354,99
1622114013082,859,345,190
1622114013942,1148,787,100
1622114014062,1143,758,130
1622114014242,1218,788,100
1622114014771,1182,741,80
1622114014891,1195,691,260
1622114015161,1210,744,140
1622114015341,1163,670,180
1622114015561,1167,640,60
1622114015671,1193,738,80
1622114015781,1217,717,70
1622114015941,1236,634,60
1622114016160,1291,483,60
1622114016720,1048,850,120
1622114017020,1105,843,60
1622114017859,1290,558,60
1622114019059,1398,484,120
1622114020438,1182,336,60
1622114020518,1175,359,120
1622114020957,1096,818,370
1622114021377,1160,646,80
1622114021797,1062,299,170
1622114021987,1055,324,60
1622114022057,1048,340,60
1622114022187,1039,414,290
1622114022566,983,863,130
1622114022856,1031,963,190
1622114023056,1061,948,60
1622114023136,1092,960,100
1622114023356,1129,872,120
1622114023726,1183,697,290
1622114024275,1224,615,60
1622114024425,1246,551,70
1622114024525,1206,563,270
1622114024805,1177,566,210
1622114025105,1174,638,120
1622114025475,1157,734,100
1622114026394,919,567,130
1622114026944,953,276,70
1622114027114,889,247,100
1622114027224,903,256,219
1622114027503,1236,280,60
1622114028373,1014,714,220
1622114029802,1120,591,270
1622114031171,799,520,70
1622114031321,1018,715,400
1622114031771,1220,847,170
1622114032041,1386,900,179
1622114032340,1106,848,260
1622114032970,1088,883,70
1622114033100,1129,802,70
1622114033180,1149,795,90
1622114033570,1242,609,120
1622114033730,1283,591,149
1622114034129,1210,597,160
1622114034409,1175,707,260
1622114034749,1183,772,80
1622114034869,1157,722,100
1622114034979,1156,748,130
1622114035978,945,769,140
1622114036158,940,828,160
1622114036398,787,811,120
1622114036588,953,786,110
1622114036708,980,817,220
1622114036948,992,867,179
1622114037147,1004,895,270
1622114037427,1022,897,70
1622114037537,1018,855,60
1622114037607,990,832,210
1622114039006,570,794,190
1622114041145,1123,901,120
1622114041275,1101,883,130
1622114041855,1022,951,69
1622114041944,1048,992,100
1622114042454,902,445,170
1622114042954,1045,964,60
1622114043254,1184,749,130
1622114043643,1073,382,80
1622114043813,978,986,220
1622114044273,978,447,310
1622114044853,1056,876,70
1622114045073,1131,539,399
1622114045512,1143,665,120
1622114046112,981,903,80
1622114046272,1020,818,250
1622114046642,1012,803,159
1622114046921,972,780,150
1622114047201,991,858,220
1622114047441,969,837,100
1622114047811,1009,753,70
1622114047891,1020,754,290
1622114048251,905,768,329
1622114048610,946,792,100
1622114048830,835,895,170
1622114049180,999,908,60
1622114049270,994,822,180
1622114049980,1100,830,539
1622114050529,1076,844,180
1622114050739,1087,806,320
1622114051089,1046,733,549
1622114051778,1010,743,160
1622114051968,1050,769,80
1622114052118,1045,837,70
1622114052218,1043,776,160
1622114052458,1060,652,480
1622114053038,1043,779,319
1622114053397,1093,696,290
1622114053877,1072,671,230
1622114054147,1091,718,370
1622114054547,1053,748,270
1622114054827,1053,791,169
1622114055036,1063,874,130
1622114055276,1045,721,190
1622114055786,1130,924,60
1622114055986,1110,749,130
1622114056216,1095,769,200
1622114056426,1098,781,249
1622114056715,1013,807,250
1622114056985,1034,812,640
1622114057805,1070,688,210
1622114058075,1071,632,269
1622114059624,945,901,109
1622114059853,1003,928,210
1622114060083,986,868,160
1622114060293,971,916,230
1622114060613,916,877,60
1622114060713,1012,845,60
1622114060793,1041,840,190
1622114061153,971,473,110
1622114061742,873,135,80
1622114061932,1211,742,140
1622114062342,913,926,120
1622114063131,872,239,280
1622114064071,983,858,150
1622114064311,1020,878,200
1622114064620,969,897,170
1622114064990,982,789,100
1622114065130,974,759,180
1622114065320,977,814,190
1622114065520,977,781,729
1622114066779,1021,718,80
1622114066919,1015,666,110
1622114067069,1054,740,410
1622114067539,1042,826,90
1622114067639,1050,815,70
1622114067729,1039,832,379
1622114068178,859,849,180
1622114068478,954,714,470
1622114069038,972,842,200
1622114069537,931,712,290
1622114069857,946,715,380
1622114070267,886,719,80
1622114070587,839,685,80
1622114070757,789,807,349
1622114071336,825,658,90
1622114071936,875,753,230
1622114072256,945,773,380
1622114072715,785,647,450
1622114073205,865,704,280
1622114073575,953,781,390
1622114074005,950,802,260
1622114074444,853,693,390
1622114074854,867,705,330
1622114075224,920,744,240
1622114075494,969,775,160
1622114075883,826,698,219
1622114076123,766,690,620
1622114076793,920,766,350
1622114077253,800,668,729
1622114078222,845,649,300
1622114078552,921,671,460
1622114079251,859,774,320
1622114079611,842,696,260
1622114080171,797,590,170
1622114080381,838,633,320
1622114080731,891,661,579
1622114081350,751,621,510
1622114081870,786,692,120
1622114082030,693,720,210
1622114082280,784,701,139
1622114082459,805,1016,60
1622114082609,867,752,60
1622114082679,873,782,170
1622114082879,945,838,250
1622114083229,929,839,70
1622114083519,897,868,100
1622114083679,909,815,369
1622114084118,828,696,300
1622114084468,896,750,150
1622114084688,929,831,90
1622114084858,961,899,130
1622114085068,881,840,190
1622114085358,988,829,160
1622114085887,938,890,150
1622114086107,984,910,60
1622114086297,988,880,180
1622114086697,954,880,60
1622114086867,927,766,160
1622114087037,960,727,249
1622114087336,1009,682,470
1622114087886,1040,740,430
1622114088506,1043,721,499
1622114089045,951,751,150
1622114089325,1046,790,400
1622114089955,1033,798,340
1622114090305,1037,781,389
1622114090794,1033,763,160
1622114090994,925,771,430
1622114091454,997,734,230
1622114091714,964,727,230
1622114091984,1053,698,799
1622114092953,1011,685,190
1622114093273,975,717,170
1622114093722,1111,747,70
1622114093892,1190,747,140
1622114094112,1212,826,60
1622114094522,1172,705,110
1622114094702,1166,675,170
1622114095042,1081,668,220
1622114095331,1054,764,220
1622114095581,1075,714,150
1622114095821,1148,646,410
1622114096271,1114,682,70
1622114096361,1112,662,180
1622114096591,1154,609,130
1622114096950,1117,634,319
1622114097300,1049,686,160
1622114097850,1028,665,360
1622114098250,970,611,240
1622114098559,1050,613,70
1622114098639,1040,617,100
1622114098939,1029,652,130
1622114099949,814,818,70
1622114100029,768,829,139
1622114100698,546,513,100
1622114101618,516,615,90
1622114101807,587,710,320
1622114102837,926,835,290
1622114103237,945,808,149
1622114103416,984,772,140
1622114105465,1025,734,150
1622114105645,1026,701,100
1622114105755,1030,679,140
1622114106195,1021,734,380
1622114106615,1027,701,259
1622114106914,993,785,220
1622114107314,972,805,330
1622114108094,913,610,90
1622114108253,955,711,729
1622114108993,1002,682,110
1622114109133,980,697,270
1622114109583,987,685,299
1622114109922,1031,644,460
1622114110692,1035,709,100
1622114110822,992,725,330
1622114111272,989,677,140
1622114111661,970,698,120
1622114113720,1121,1026,80
1622114114170,905,705,669
1622114115099,881,626,80
1622114115189,870,617,460
1622114115689,903,642,210
1622114116069,896,608,309
1622114116618,947,543,190
1622114117428,1273,563,160
1622114118207,971,446,420
1622114118637,943,499,160
1622114118837,982,561,500
1622114119626,939,650,150
1622114119816,850,698,240
1622114120086,931,728,220
1622114120356,888,593,190
1622114120616,979,690,150
1622114121016,904,769,100
1622114121156,888,782,469
1622114121885,827,721,170
1622114122145,868,761,150
1622114122745,755,772,119
1622114122954,807,698,60
1622114123024,811,678,120
1622114123254,780,625,740
1622114124094,769,610,639
1622114124763,832,630,180
1622114125193,796,685,60
1622114125343,823,610,120
1622114125573,681,823,80
1622114125923,848,578,239
1622114126502,818,541,80
1622114126662,853,540,70
1622114126752,850,574,100
1622114127711,918,535,380
1622114128101,907,557,60
1622114128341,912,551,310
1622114128681,941,596,310
1622114129161,888,579,149
1622114129320,900,577,60
1622114129600,858,678,450
1622114130320,954,825,150
1622114130490,949,793,120
1622114130620,951,821,329
1622114131019,1001,908,130
1622114131519,995,888,180
1622114131839,988,902,180
1622114132049,1026,879,479
1622114132728,1047,972,60
1622114132858,1060,870,90
1622114133278,1085,927,60
1622114133518,1108,673,270
1622114133828,1044,738,259
1622114134097,1066,716,130
1622114134317,1029,779,160
1622114134717,974,705,370
1622114135107,991,775,120
1622114135597,948,656,249
1622114136206,976,746,210
1622114136426,990,776,100
1622114136606,992,720,170
1622114136876,956,519,70
1622114136966,975,540,110
1622114137126,1022,782,259
1622114137415,1055,832,210
1622114137965,981,703,700
1622114139114,943,773,80
1622114139834,930,883,260
1622114140214,931,864,70
1622114140404,979,820,70
1622114142452,1102,448,230
1622114142832,937,764,70
1622114142992,969,727,70
1622114145560,958,240,60
1622114146310,885,613,150
1622114147899,1146,75,90
1622114149288,1044,771,70
1622114150387,995,410,140
1622114151207,1452,347,60
1622114151297,1355,343,70
1622114151597,1340,247,409
1622114152086,1381,200,60
1622114152546,957,645,70
1622114152806,933,491,160
1622114153056,1034,444,210
1622114153455,863,727,69
1622114157213,1105,404,70
1622114157553,1052,271,100
1622114157723,1049,105,100
1622114160901,1029,129,60
1622114161341,564,14,70
1622114163199,1016,82,110
1622114163609,935,203,100
1622114163769,977,256,270
1622114164049,968,266,100
1622114164179,984,221,120
1622114164619,1084,212,120
1622114164788,1103,184,90
1622114165038,1125,258,120
1622114165338,1315,287,60
1622114165438,1211,138,120
1622114166717,1128,162,60
1622114166807,1038,207,110
1622114166937,1046,236,180
1622114167357,1090,280,160
1622114167577,1111,289,60
1622114167657,1110,276,70
1622114168466,763,511,100
1622114168866,943,681,60
1622114168936,930,654,60
1622114169036,959,620,140
1622114169306,895,544,100
1622114169506,878,751,359
1622114171984,844,423,120
1622114172214,944,443,120
1622114172404,1023,457,60
1622114172554,1020,521,60
1622114172624,1008,560,200
1622114173463,1224,412,110
1622114173853,1159,404,100
1622114173983,1123,392,60
1622114174063,1137,365,60
1622114174423,920,491,159
1622114174652,1026,491,330
1622114175002,1030,458,160
1622114175612,787,752,60
1622114175692,795,733,100
1622114175802,809,708,80
1622114175962,860,429,79
1622114176161,851,467,90
1622114176261,860,446,60
1622114176691,865,684,310
1622114177081,938,410,410
1622114177521,940,382,130
1622114177690,918,395,70
1622114177790,926,417,130
1622114177950,927,390,260
1622114179949,933,616,60
1622114180609,1312,195,80
1622114180809,1278,195,60
1622114180938,1303,227,90
1622114181068,1220,219,100
1622114181188,1199,245,150
1622114182058,1074,242,60
1622114182138,1065,274,90
1622114182777,722,678,60
1622114182847,761,671,120
1622114183057,840,569,90
1622114183287,922,730,130
1622114183647,1043,557,80
1622114184047,1022,774,109
1622114184556,939,776,60
1622114184906,884,684,170
1622114185106,925,708,150
1622114185486,1053,510,200
1622114186585,1058,485,60
1622114186705,863,532,80
1622114187404,1006,419,120
1622114188714,944,273,70
1622114189123,1121,182,60
1622114189663,1006,143,70
1622114190802,1130,93,70
1622114192591,715,630,60
1622114192781,782,627,90
1622114193111,732,597,440
1622114193561,730,569,110
1622114193681,734,540,269
1622114193960,727,503,350
1622114194320,727,527,770
1622114195270,759,503,130
1622114196329,759,530,220
1622114197608,839,732,90
1622114197748,851,738,80
1622114197918,866,646,60
1622114198737,1196,286,140
1622114199137,1072,381,70
1622114199407,1200,240,130
1622114199627,1206,241,60
1622114200177,702,538,60
1622114200736,1110,290,70
1622114200936,1095,252,80
1622114201046,1123,222,120
1622114201266,1107,231,70
1622114201406,1132,236,110
1622114202285,1272,248,180
1622114202485,1293,244,70
1622114202705,1340,158,60
1622114203674,942,430,120
1622114203934,830,578,110
1622114204084,839,524,270
1622114204414,923,543,210
1622114205903,1280,190,110
1622114206043,1268,185,170
1622114206573,1251,149,499
1622114207332,731,806,90
1622114207482,755,647,350
1622114208082,752,551,150
1622114208262,758,585,60
1622114208381,726,550,100
1622114210570,1205,188,290
1622114210880,1179,184,80
1622114211130,1225,169,110
1622114211470,1166,199,179
1622114211659,1178,193,90
1622114212169,1201,201,90
1622114212759,1179,179,80
1622114213019,1181,188,60
1622114213738,1182,247,60
1622114214138,1244,235,130
1622114214428,1304,209,60
1622114214588,1269,153,80
1622114214688,1260,179,119
1622114214997,1253,177,70
1622114215247,1293,129,90
1622114215357,1335,101,310
1622114215847,1488,140,80
1622114216217,1323,108,60
1622114216526,1389,152,80
1622114216786,1451,141,80
1622114217096,1289,134,110
1622114217226,1318,152,140
1622114217506,685,566,549
1622114218245,1338,201,100
1622114218355,1309,222,100
1622114218475,1283,221,90
1622114218755,1330,231,160
1622114218935,1309,224,70
1622114219025,1289,222,60
1622114219165,1276,232,140
1622114219634,1406,111,70
1622114219854,1358,120,140
1622114220104,1315,191,260
1622114220434,1289,232,60
1622114220564,1270,321,190
1622114220854,1220,348,100
1622114221164,1224,374,99
1622114221463,1231,335,70
1622114221803,1135,323,110
1622114222783,1104,67,69
1622114223632,1236,281,80
1622114225711,886,743,60
1622114226011,1020,585,109
1622114226230,1054,401,60
1622114226310,1009,408,200
1622114226710,896,503,80
1622114226850,904,558,70
1622114226950,916,494,100
1622114227420,1415,140,60
1622114227849,1478,141,160
1622114228189,1628,193,60
1622114228669,838,966,100
1622114228959,1623,194,140
1622114229189,1386,117,100
1622114229388,1366,111,70
1622114229678,1402,172,120
1622114229868,1369,182,410
1622114230848,1384,95,299
1622114232147,1384,111,110
1622114232317,1396,169,90
1622114232546,1405,207,439
1622114233386,1303,192,130
1622114233726,1475,210,60
1622114233836,1429,209,60
1622114233956,1461,218,259
1622114234265,1416,183,170
1622114234645,1368,123,150
1622114234825,1395,162,180
1622114235435,1377,164,80
1622114236194,1466,207,70
1622114236284,1461,221,210
1622114237274,1390,177,189
1622114237733,1352,132,80
1622114237853,1334,143,130
1622114238453,1303,104,60
1622114238573,1293,155,80
1622114238733,1503,215,70
1622114239542,823,634,70
1622114239692,907,724,80
1622114239792,941,703,160
1622114240102,960,557,120
1622114240322,744,498,60
1622114240432,801,441,80
1622114240811,1373,251,60
1622114242890,1404,878,60
1622114243080,1004,590,350
1622114245628,650,617,80
1622114246778,1022,521,60
1622114248327,591,483,60
1622114248676,705,558,160
